actor_id,clusterId,clusterCohesion,degree,betweenness,pagerank,bridgeRatio_conductance,bridgeScore,stability,certainty,raw_CRED,raw_CAP,raw_LEAD,raw_PROX,raw_INTG,raw_POL,raw_COH,raw_SAL,norm_CRED,norm_CAP,norm_LEAD,norm_PROX,norm_INTG,norm_POL,norm_COH,norm_SAL
actor_000,0,0.8178,7,0.00095,0.4368,1.0,20.591,0.286,0.65,45,55,78,58,68,90,82,92,42.8571,41.6667,81.5385,60.0,74.1176,93.3333,82.6667,95.2381
actor_001,1,0.6916,5,0.00048,0.5338,1.0,13.202,0.3,0.708,60,70,65,75,85,75,65,92,64.2857,66.6667,61.5385,81.25,94.1176,73.3333,60.0,95.2381
actor_002,2,0.843,6,0.006662,0.392,0.667,8.509,0.25,0.597,45,75,68,52,38,70,55,85,42.8571,75.0,66.1538,52.5,38.8235,66.6667,46.6667,84.127
actor_003,3,0.791,5,3.2e-05,0.2789,0.6,4.85,0.38,0.48,40,55,85,70,25,90,80,95,35.7143,41.6667,92.3077,75.0,23.5294,93.3333,80.0,100.0
actor_004,4,0.8391,28,0.001069,0.9197,0.679,9.24,0.414,0.823,55,75,70,70,60,40,70,50,57.1429,75.0,69.2308,75.0,64.7059,26.6667,66.6667,28.5714
actor_005,3,0.791,5,1.4e-05,0.2755,0.6,6.028,0.3,0.478,55,80,90,85,30,90,80,85,57.1429,83.3333,100.0,93.75,29.4118,93.3333,80.0,84.127
actor_006,5,0.7545,6,0.005185,0.4708,0.833,7.285,0.417,0.703,50,68,63,45,52,48,60,75,50.0,63.3333,58.4615,43.75,55.2941,37.3333,53.3333,68.254
actor_007,1,0.6916,14,0.003547,0.9307,0.857,22.295,0.271,0.677,55,65,58,50,68,45,58,75,57.1429,58.3333,50.7692,50.0,74.1176,33.3333,50.6667,68.254
actor_008,6,0.8312,22,0.005935,1.0569,0.591,17.401,0.405,0.738,55,65,60,45,75,90,75,65,57.1429,58.3333,53.8462,43.75,82.3529,93.3333,73.3333,52.381
actor_009,7,0.8559,7,0.00102,0.6467,1.0,16.076,0.629,0.752,55,60,65,70,75,30,70,80,57.1429,50.0,61.5385,75.0,82.3529,13.3333,66.6667,76.1905
actor_010,2,0.843,22,0.005978,1.2602,0.636,12.53,0.232,0.597,55,75,70,40,65,70,72,85,57.1429,75.0,69.2308,37.5,70.5882,66.6667,69.3333,84.127
actor_011,8,0.8428,38,0.012028,1.3726,0.921,30.808,0.229,0.722,60,65,60,50,70,50,75,65,64.2857,58.3333,53.8462,50.0,76.4706,40.0,73.3333,52.381
actor_012,4,0.8391,57,0.013825,1.3488,0.614,18.7,0.335,0.722,60,65,68,75,70,60,62,55,64.2857,58.3333,66.1538,81.25,76.4706,53.3333,56.0,36.5079
actor_013,8,0.8428,47,0.007401,1.3671,0.936,50.652,0.247,0.76,58,72,60,52,78,48,68,65,61.4286,70.0,53.8462,52.5,85.8824,37.3333,64.0,52.381
actor_014,6,0.8312,15,0.004165,1.0864,0.533,5.883,0.467,0.637,55,78,72,50,85,70,68,65,57.1429,80.0,72.3077,50.0,94.1176,66.6667,64.0,52.381
actor_015,9,0.8783,36,0.004697,0.9761,0.472,19.871,0.383,0.568,60,65,55,68,63,70,65,45,64.2857,58.3333,46.1538,72.5,68.2353,66.6667,60.0,20.6349
actor_016,2,0.843,27,0.019403,1.5028,0.741,22.554,0.252,0.725,55,75,70,50,60,60,65,80,57.1429,75.0,69.2308,50.0,64.7059,53.3333,60.0,76.1905
actor_017,5,0.7545,8,0.006845,0.585,0.875,18.207,0.337,0.6,42,55,48,58,72,68,59,65,38.5714,41.6667,35.3846,60.0,78.8235,64.0,52.0,52.381
actor_018,4,0.8391,25,0.002162,0.9572,0.68,20.574,0.324,0.785,58,65,55,48,78,45,68,52,61.4286,58.3333,46.1538,47.5,85.8824,33.3333,64.0,31.746
actor_019,4,0.8391,7,0.000383,0.4725,0.429,5.403,0.443,0.713,50,65,55,40,70,45,60,50,50.0,58.3333,46.1538,37.5,76.4706,33.3333,53.3333,28.5714
actor_020,0,0.8178,5,0.000174,0.2888,1.0,10.088,0.36,0.62,40,35,70,45,30,95,80,90,35.7143,8.3333,69.2308,43.75,29.4118,100.0,80.0,92.0635
actor_021,10,0.8012,6,0.000713,0.3232,0.667,8.521,0.35,0.705,65,90,85,30,75,50,80,90,71.4286,100.0,92.3077,25.0,82.3529,40.0,80.0,92.0635
actor_022,1,0.6916,7,0.001288,0.3476,0.571,8.61,0.4,0.483,40,50,45,55,70,65,50,70,35.7143,33.3333,30.7692,56.25,76.4706,60.0,40.0,60.3175
actor_023,9,0.8783,68,0.003514,1.2559,0.397,10.848,0.468,0.78,60,65,55,70,75,45,68,50,64.2857,58.3333,46.1538,75.0,82.3529,33.3333,64.0,28.5714
actor_024,11,0.8516,6,9.5e-05,0.3165,0.333,3.141,0.3,0.675,70,85,80,30,90,20,85,75,78.5714,91.6667,84.6154,25.0,100.0,0.0,86.6667,68.254
actor_025,12,0.9009,79,0.00322,1.3035,0.646,62.537,0.463,0.665,60,75,70,65,70,80,70,85,64.2857,75.0,69.2308,68.75,76.4706,80.0,66.6667,84.127
actor_026,13,0.9076,26,0.001713,1.0208,0.538,6.162,0.504,0.6,55,78,70,45,75,80,50,85,57.1429,80.0,69.2308,43.75,82.3529,80.0,40.0,84.127
actor_027,5,0.7545,6,9.3e-05,0.5981,0.833,7.983,0.35,0.285,25,45,40,30,15,85,50,80,14.2857,25.0,23.0769,25.0,11.7647,86.6667,40.0,76.1905
actor_028,2,0.843,22,0.003783,1.0511,0.682,13.286,0.214,0.647,62,78,75,58,68,65,82,88,67.1429,80.0,76.9231,60.0,74.1176,60.0,82.6667,88.8889
actor_029,12,0.9009,97,0.001905,1.248,0.546,37.182,0.598,0.71,60,70,75,55,65,78,60,90,64.2857,66.6667,76.9231,56.25,70.5882,77.3333,53.3333,92.0635
actor_030,14,0.8212,38,0.015166,1.4037,0.974,39.844,0.116,0.63,68,72,78,52,69,63,76,85,75.7143,70.0,81.5385,52.5,75.2941,57.3333,74.6667,84.127
actor_031,10,0.8012,5,8.4e-05,0.2616,0.6,4.656,0.38,0.568,60,90,85,25,35,25,80,90,64.2857,100.0,92.3077,18.75,35.2941,6.6667,80.0,92.0635
actor_032,4,0.8391,41,0.000171,0.695,0.634,10.005,0.524,0.708,55,58,60,78,65,30,62,52,57.1429,46.6667,53.8462,85.0,70.5882,13.3333,56.0,31.746
actor_033,9,0.8783,21,0.002908,0.7859,0.381,7.801,0.448,0.715,50,58,55,72,63,68,60,42,50.0,46.6667,46.1538,77.5,68.2353,64.0,53.3333,15.873
actor_034,9,0.8783,27,0.004292,1.2551,0.667,33.509,0.193,0.745,55,65,60,70,75,40,60,70,57.1429,58.3333,53.8462,75.0,82.3529,26.6667,53.3333,60.3175
actor_035,15,0.8977,19,0.004839,1.0808,0.526,8.137,0.205,0.613,68,82,75,60,72,40,78,65,75.7143,86.6667,76.9231,62.5,78.8235,26.6667,77.3333,52.381
actor_036,9,0.8783,10,0.000262,0.445,0.7,6.209,0.62,0.69,60,58,59,75,63,85,62,41,64.2857,46.6667,52.3077,81.25,68.2353,86.6667,56.0,14.2857
actor_037,4,0.8391,73,0.008507,1.4138,0.712,42.422,0.433,0.81,60,65,60,75,70,50,68,55,64.2857,58.3333,53.8462,81.25,76.4706,40.0,64.0,36.5079
actor_038,9,0.8783,79,0.003716,1.2885,0.468,16.668,0.472,0.787,60,65,60,70,70,45,65,50,64.2857,58.3333,53.8462,75.0,76.4706,33.3333,60.0,28.5714
actor_039,4,0.8391,20,0.005459,1.027,0.55,6.305,0.325,0.695,55,68,58,65,59,55,50,60,57.1429,63.3333,50.7692,68.75,63.5294,46.6667,40.0,44.4444
actor_040,4,0.8391,56,0.005983,1.2591,0.679,29.475,0.423,0.807,60,70,65,78,68,55,72,50,64.2857,66.6667,61.5385,85.0,74.1176,46.6667,69.3333,28.5714
actor_041,16,0.8895,15,0.002171,0.871,0.533,16.099,0.34,0.71,60,70,72,80,68,55,65,85,64.2857,66.6667,72.3077,87.5,74.1176,46.6667,60.0,84.127
actor_042,1,0.6916,30,0.003257,1.0537,0.9,33.606,0.23,0.693,58,70,65,60,60,40,62,75,61.4286,66.6667,61.5385,62.5,64.7059,26.6667,56.0,68.254
actor_043,13,0.9076,97,0.005119,1.4063,0.515,34.105,0.353,1.0,65,60,70,55,75,80,65,70,71.4286,50.0,69.2308,56.25,82.3529,80.0,60.0,60.3175
actor_044,8,0.8428,58,0.029385,1.7594,0.776,48.777,0.284,0.675,58,72,62,50,70,75,70,68,61.4286,70.0,56.9231,50.0,76.4706,73.3333,66.6667,57.1429
actor_045,17,0.8164,13,0.002315,0.6616,0.923,12.327,0.323,0.58,55,58,65,60,68,85,75,45,57.1429,46.6667,61.5385,62.5,74.1176,86.6667,73.3333,20.6349
actor_046,0,0.8178,31,0.009165,1.4115,0.968,31.124,0.139,0.617,55,60,70,40,65,75,70,80,57.1429,50.0,69.2308,37.5,70.5882,73.3333,66.6667,76.1905
actor_047,14,0.8212,39,0.01469,1.551,0.872,33.484,0.203,0.643,55,75,65,50,60,70,70,85,57.1429,75.0,61.5385,50.0,64.7059,66.6667,66.6667,84.127
actor_048,4,0.8391,67,0.017981,1.6135,0.836,46.333,0.176,0.77,60,75,65,70,68,45,72,60,64.2857,75.0,61.5385,75.0,74.1176,33.3333,69.3333,44.4444
actor_049,1,0.6916,6,0.005437,0.3549,0.333,3.185,0.35,0.458,35,45,38,40,55,70,30,60,28.5714,25.0,20.0,37.5,58.8235,66.6667,13.3333,44.4444
actor_050,18,0.8567,7,0.000552,0.5084,0.571,5.418,0.371,0.755,68,80,72,85,70,35,78,65,75.7143,83.3333,72.3077,93.75,76.4706,20.0,77.3333,52.381
actor_051,6,0.8312,19,0.007122,1.2658,0.579,8.164,0.363,0.637,60,65,55,45,70,80,60,65,64.2857,58.3333,46.1538,43.75,76.4706,80.0,53.3333,52.381
actor_052,17,0.8164,6,0.000617,0.4414,0.667,7.163,0.283,0.625,40,70,65,50,75,90,85,50,35.7143,66.6667,61.5385,50.0,82.3529,93.3333,86.6667,28.5714
actor_053,4,0.8391,42,0.003924,1.1139,0.714,17.669,0.495,0.758,50,60,65,70,65,45,62,60,50.0,50.0,61.5385,75.0,70.5882,33.3333,56.0,44.4444
actor_054,1,0.6916,7,0.001337,0.4411,0.571,7.038,0.457,0.657,45,55,60,75,68,80,50,65,42.8571,41.6667,53.8462,81.25,74.1176,80.0,40.0,52.381
actor_055,4,0.8391,40,0.004262,1.2163,0.675,26.457,0.445,0.745,60,68,65,78,70,40,58,60,64.2857,63.3333,61.5385,85.0,76.4706,26.6667,50.6667,44.4444
actor_056,9,0.8783,62,0.00276,1.2073,0.355,7.224,0.511,0.66,60,65,55,75,70,40,68,52,64.2857,58.3333,46.1538,81.25,76.4706,26.6667,64.0,31.746
actor_057,5,0.7545,6,0.005555,0.7365,0.667,8.859,0.217,0.647,50,65,58,70,55,60,62,78,50.0,58.3333,50.7692,75.0,58.8235,53.3333,56.0,73.0159
actor_058,14,0.8212,7,0.002003,0.7006,0.429,6.504,0.486,0.597,55,65,50,45,75,78,60,88,57.1429,58.3333,38.4615,43.75,82.3529,77.3333,53.3333,88.8889
actor_059,4,0.8391,34,0.003553,0.845,0.676,11.027,0.421,0.713,60,58,59,75,63,65,62,41,64.2857,46.6667,52.3077,81.25,68.2353,60.0,56.0,14.2857
actor_060,9,0.8783,69,0.001862,1.1485,0.391,6.613,0.5,0.715,60,65,55,75,70,45,68,48,64.2857,58.3333,46.1538,81.25,76.4706,33.3333,64.0,25.3968
actor_061,9,0.8783,21,0.008384,1.0888,0.619,15.716,0.414,0.69,60,58,59,70,75,70,78,50,64.2857,46.6667,52.3077,75.0,82.3529,66.6667,77.3333,28.5714
actor_062,9,0.8783,41,0.029838,1.7617,0.927,55.193,0.09,0.635,60,65,68,72,75,60,67,70,64.2857,58.3333,66.1538,77.5,82.3529,53.3333,62.6667,60.3175
actor_063,8,0.8428,5,1.3e-05,0.2281,0.8,6.888,0.34,0.625,40,75,80,35,85,90,95,80,35.7143,75.0,84.6154,31.25,94.1176,93.3333,100.0,76.1905
actor_064,13,0.9076,91,0.015489,1.4939,0.549,39.653,0.567,0.705,60,70,75,65,60,70,65,85,64.2857,66.6667,76.9231,68.75,64.7059,66.6667,60.0,84.127
actor_065,9,0.8783,72,0.008278,1.337,0.403,15.258,0.481,0.818,60,65,58,70,68,55,62,50,64.2857,58.3333,50.7692,75.0,74.1176,46.6667,56.0,28.5714
actor_066,4,0.8391,41,0.00123,0.9425,0.61,18.363,0.537,0.605,55,65,60,58,70,30,68,50,57.1429,58.3333,53.8462,60.0,76.4706,13.3333,64.0,28.5714
actor_067,4,0.8391,49,0.000308,0.8201,0.714,18.06,0.622,0.745,60,65,55,75,70,35,60,45,64.2857,58.3333,46.1538,81.25,76.4706,20.0,53.3333,20.6349
actor_068,15,0.8977,66,0.01705,1.6218,0.682,79.262,0.188,0.72,58,72,65,60,75,45,70,65,61.4286,70.0,61.5385,62.5,82.3529,33.3333,66.6667,52.381
actor_069,1,0.6916,6,5.5e-05,0.2548,0.333,2.485,0.5,0.475,40,55,45,68,42,80,40,60,35.7143,41.6667,30.7692,72.5,43.5294,80.0,26.6667,44.4444
actor_070,5,0.7545,45,0.003316,1.1482,0.933,68.422,0.289,0.767,60,70,65,55,68,40,62,75,64.2857,66.6667,61.5385,56.25,74.1176,26.6667,56.0,68.254
actor_071,9,0.8783,49,0.003861,1.194,0.449,17.541,0.39,0.682,60,65,58,55,70,45,75,48,64.2857,58.3333,50.7692,56.25,76.4706,33.3333,73.3333,25.3968
actor_072,9,0.8783,69,0.002377,1.2031,0.406,15.603,0.532,0.802,60,65,62,75,70,45,68,48,64.2857,58.3333,56.9231,81.25,76.4706,33.3333,64.0,25.3968
actor_073,18,0.8567,48,0.009527,1.2537,0.792,33.537,0.333,0.75,68,72,75,70,80,45,78,65,75.7143,70.0,76.9231,75.0,88.2353,33.3333,77.3333,52.381
actor_074,4,0.8391,39,0.004886,1.1689,0.667,16.492,0.454,0.71,60,65,55,70,75,60,80,50,64.2857,58.3333,46.1538,75.0,82.3529,53.3333,80.0,28.5714
actor_075,9,0.8783,60,0.001516,1.0448,0.333,5.503,0.58,0.78,58,65,62,78,68,48,60,45,61.4286,58.3333,56.9231,85.0,74.1176,37.3333,53.3333,20.6349
actor_076,15,0.8977,50,0.016633,1.5593,0.7,39.411,0.272,0.777,68,75,72,70,70,60,73,58,75.7143,75.0,72.3077,75.0,76.4706,53.3333,70.6667,41.2698
actor_077,4,0.8391,40,0.000135,0.7375,0.725,15.374,0.615,0.735,58,62,55,70,65,35,60,40,61.4286,53.3333,46.1538,75.0,70.5882,20.0,53.3333,12.6984
actor_078,17,0.8164,11,0.002262,0.763,0.727,10.323,0.3,0.718,68,80,65,72,75,78,82,60,75.7143,83.3333,61.5385,77.5,82.3529,77.3333,82.6667,44.4444
actor_079,4,0.8391,47,0.001354,0.9358,0.66,14.14,0.417,0.563,50,65,60,75,60,45,60,60,50.0,58.3333,53.8462,81.25,64.7059,33.3333,53.3333,44.4444
actor_080,6,0.8312,28,0.006961,1.1651,0.5,11.208,0.468,0.66,55,70,60,45,80,75,70,65,57.1429,66.6667,53.8462,43.75,88.2353,73.3333,66.6667,52.381
actor_081,4,0.8391,32,7e-06,0.5964,0.656,7.582,0.559,0.81,60,58,59,75,63,28,62,41,64.2857,46.6667,52.3077,81.25,68.2353,10.6667,56.0,14.2857
actor_082,4,0.8391,32,7e-06,0.5964,0.656,7.582,0.481,0.6,60,58,59,75,63,28,62,41,64.2857,46.6667,52.3077,81.25,68.2353,10.6667,56.0,14.2857
actor_083,14,0.8212,13,0.00573,0.9947,0.769,23.225,0.292,0.693,55,68,52,50,70,60,65,80,57.1429,63.3333,41.5385,50.0,76.4706,53.3333,60.0,76.1905
actor_084,9,0.8783,64,0.001665,1.1011,0.359,7.775,0.572,0.69,60,62,58,72,65,45,60,48,64.2857,53.3333,50.7692,77.5,70.5882,33.3333,53.3333,25.3968
actor_085,9,0.8783,60,0.002372,1.1505,0.417,21.964,0.53,0.84,60,65,68,75,62,45,63,55,64.2857,58.3333,66.1538,81.25,67.0588,33.3333,57.3333,36.5079
actor_086,4,0.8391,36,0.006191,1.1316,0.611,23.766,0.339,0.713,60,68,55,58,75,65,70,45,64.2857,63.3333,46.1538,60.0,82.3529,60.0,66.6667,20.6349
actor_087,9,0.8783,55,0.00044,0.8503,0.327,5.859,0.607,0.63,50,65,60,70,60,40,65,45,50.0,58.3333,53.8462,75.0,64.7059,26.6667,60.0,20.6349
actor_088,6,0.8312,35,0.020141,1.5151,0.743,39.152,0.309,0.667,55,70,65,50,70,60,75,65,57.1429,66.6667,61.5385,50.0,76.4706,53.3333,73.3333,52.381
actor_089,6,0.8312,21,0.010645,1.3214,0.714,18.171,0.324,0.693,60,70,50,55,70,60,75,65,64.2857,66.6667,38.4615,56.25,76.4706,53.3333,73.3333,52.381
actor_090,6,0.8312,12,0.00649,0.6908,0.75,13.767,0.233,0.625,50,65,58,40,80,70,62,75,50.0,58.3333,50.7692,37.5,88.2353,66.6667,56.0,68.254
actor_091,15,0.8977,68,0.021607,1.6982,0.794,51.497,0.171,0.755,65,78,62,65,70,58,75,68,71.4286,80.0,56.9231,68.75,76.4706,50.6667,73.3333,57.1429
actor_092,9,0.8783,57,0.002283,1.1596,0.421,15.098,0.372,0.807,58,65,68,78,72,42,67,55,61.4286,58.3333,66.1538,85.0,78.8235,29.3333,62.6667,36.5079
actor_093,16,0.8895,7,0.002241,0.5455,0.714,12.978,0.229,0.657,65,75,80,85,70,70,75,85,71.4286,75.0,84.6154,93.75,76.4706,66.6667,73.3333,84.127
actor_094,15,0.8977,9,0.000919,0.5192,0.667,7.328,0.311,0.732,72,85,78,60,88,35,80,58,81.4286,91.6667,81.5385,62.5,97.6471,20.0,80.0,41.2698
actor_095,4,0.8391,6,4.4e-05,0.4671,0.333,1.386,0.5,0.758,55,70,75,85,50,60,70,55,57.1429,66.6667,76.9231,93.75,52.9412,53.3333,66.6667,36.5079
actor_096,4,0.8391,32,7e-06,0.5964,0.656,7.582,0.559,0.807,60,58,59,75,63,28,62,41,64.2857,46.6667,52.3077,81.25,68.2353,10.6667,56.0,14.2857
actor_097,6,0.8312,5,0.000262,0.2939,0.6,3.958,0.42,0.575,45,70,75,30,80,95,90,70,42.8571,66.6667,76.9231,25.0,88.2353,100.0,93.3333,60.3175
actor_098,1,0.6916,15,0.001964,0.8448,0.867,16.935,0.313,0.742,50,70,65,60,60,45,70,80,50.0,66.6667,61.5385,62.5,64.7059,33.3333,66.6667,76.1905
actor_099,18,0.8567,5,0.003369,0.8907,0.6,5.346,0.24,0.752,70,85,60,78,80,45,75,72,78.5714,91.6667,53.8462,85.0,88.2353,33.3333,73.3333,63.4921
actor_100,8,0.8428,30,0.035149,1.763,0.667,24.668,0.357,0.708,55,68,62,57,72,68,78,65,57.1429,63.3333,56.9231,58.75,78.8235,64.0,77.3333,52.381
actor_101,9,0.8783,62,0.002078,1.1371,0.274,5.97,0.539,0.722,60,65,55,70,68,50,63,45,64.2857,58.3333,46.1538,75.0,74.1176,40.0,57.3333,20.6349
actor_102,4,0.8391,32,7e-06,0.5964,0.656,7.079,0.559,0.752,60,58,59,75,63,28,62,41,64.2857,46.6667,52.3077,81.25,68.2353,10.6667,56.0,14.2857
actor_103,4,0.8391,53,0.009105,1.4313,0.774,32.109,0.242,0.767,55,75,65,60,68,50,70,55,57.1429,75.0,61.5385,62.5,74.1176,40.0,66.6667,36.5079
actor_104,9,0.8783,47,0.000429,0.7977,0.34,6.87,0.543,0.77,48,62,55,70,58,38,65,52,47.1429,53.3333,46.1538,75.0,62.3529,24.0,60.0,31.746
actor_105,4,0.8391,23,0.007754,1.1559,0.652,15.131,0.296,0.708,50,58,60,65,70,55,55,60,50.0,46.6667,53.8462,68.75,76.4706,46.6667,46.6667,44.4444
actor_106,4,0.8391,56,0.007697,1.4635,0.821,34.797,0.214,0.81,58,70,62,75,80,50,72,65,61.4286,66.6667,56.9231,81.25,88.2353,40.0,69.3333,52.381
actor_107,7,0.8559,6,0.000178,0.3366,1.0,12.93,0.367,0.453,60,85,80,55,88,90,75,92,64.2857,91.6667,84.6154,56.25,97.6471,93.3333,73.3333,95.2381
actor_108,5,0.7545,5,0.004058,0.6611,0.8,8.379,0.44,0.412,35,50,55,40,25,80,60,85,28.5714,33.3333,46.1538,37.5,23.5294,80.0,53.3333,84.127
actor_109,17,0.8164,14,0.003628,0.694,0.786,22.489,0.343,0.575,55,60,58,48,70,85,78,50,57.1429,50.0,50.7692,47.5,76.4706,86.6667,77.3333,28.5714
actor_110,4,0.8391,15,0.003203,0.8035,0.4,5.435,0.387,0.728,52,68,63,78,61,72,57,59,52.8571,63.3333,58.4615,85.0,65.8824,69.3333,49.3333,42.8571
actor_111,6,0.8312,15,0.00745,1.1639,0.867,20.361,0.22,0.67,72,78,68,58,85,70,80,65,81.4286,80.0,66.1538,60.0,94.1176,66.6667,80.0,52.381
actor_112,9,0.8783,66,0.004262,1.2854,0.394,17.907,0.5,0.647,58,65,60,72,62,48,67,55,61.4286,58.3333,53.8462,77.5,67.0588,37.3333,62.6667,36.5079
actor_113,4,0.8391,32,7e-06,0.5964,0.656,7.079,0.359,0.728,60,58,59,75,63,28,62,41,64.2857,46.6667,52.3077,81.25,68.2353,10.6667,56.0,14.2857
actor_114,9,0.8783,47,0.000189,0.7654,0.319,12.659,0.564,0.78,60,58,59,70,63,35,62,45,64.2857,46.6667,52.3077,75.0,68.2353,20.0,56.0,20.6349
actor_115,6,0.8312,8,0.000668,0.5107,0.5,2.829,0.513,0.623,65,80,55,35,75,70,78,60,71.4286,83.3333,46.1538,31.25,82.3529,66.6667,77.3333,44.4444
actor_116,6,0.8312,32,0.016648,1.4533,0.844,35.444,0.212,0.685,65,70,75,60,80,70,75,60,71.4286,66.6667,76.9231,62.5,88.2353,66.6667,73.3333,44.4444
actor_117,17,0.8164,5,0.001022,0.3559,0.6,5.252,0.4,0.738,68,72,78,80,85,75,90,65,75.7143,70.0,81.5385,87.5,94.1176,73.3333,93.3333,52.381
actor_118,9,0.8783,53,0.001765,0.9898,0.264,4.56,0.477,0.672,58,65,52,78,62,55,68,50,61.4286,58.3333,41.5385,85.0,67.0588,46.6667,64.0,28.5714
actor_119,19,0.8409,5,5.4e-05,0.3104,0.8,7.131,0.56,0.643,72,78,60,78,85,75,88,55,81.4286,80.0,53.8462,85.0,94.1176,73.3333,90.6667,36.5079
actor_120,16,0.8895,5,2.2e-05,0.2254,0.6,4.813,0.4,0.522,68,85,90,88,75,88,92,95,75.7143,91.6667,100.0,97.5,82.3529,90.6667,96.0,100.0
actor_121,19,0.8409,7,0.000707,0.5003,0.571,5.446,0.457,0.637,60,65,58,55,75,90,85,45,64.2857,58.3333,50.7692,56.25,82.3529,93.3333,86.6667,20.6349
actor_122,4,0.8391,26,0.001505,0.7254,0.615,6.896,0.404,0.557,55,60,45,68,78,58,65,38,57.1429,50.0,30.7692,72.5,85.8824,50.6667,60.0,9.5238
actor_123,2,0.843,8,0.002466,0.5042,0.5,5.477,0.425,0.485,45,78,60,35,55,80,75,85,42.8571,80.0,53.8462,31.25,58.8235,80.0,73.3333,84.127
actor_124,9,0.8783,56,0.00135,1.0557,0.393,11.158,0.566,0.795,60,65,60,70,75,35,60,50,64.2857,58.3333,53.8462,75.0,82.3529,20.0,53.3333,28.5714
actor_125,10,0.8012,12,0.007667,0.7387,0.833,19.436,0.283,0.537,60,80,70,45,75,40,65,85,64.2857,83.3333,69.2308,43.75,82.3529,26.6667,60.0,84.127
actor_126,2,0.843,44,0.020588,1.5749,0.841,20.024,0.173,0.703,60,78,72,58,67,62,69,85,64.2857,80.0,72.3077,60.0,72.9412,56.0,65.3333,84.127
actor_127,9,0.8783,72,0.013503,1.4858,0.5,25.088,0.389,0.653,58,68,58,65,62,55,68,55,61.4286,63.3333,50.7692,68.75,67.0588,46.6667,64.0,36.5079
actor_128,9,0.8783,57,0.003971,1.1441,0.316,15.19,0.36,0.693,55,65,58,70,68,60,65,45,57.1429,58.3333,50.7692,75.0,74.1176,53.3333,60.0,20.6349
actor_129,4,0.8391,9,0.003662,0.8506,0.778,11.279,0.167,0.71,55,60,65,45,70,60,75,50,57.1429,50.0,61.5385,43.75,76.4706,53.3333,73.3333,28.5714
actor_130,16,0.8895,38,0.004948,1.2265,0.553,24.438,0.182,0.785,60,65,70,75,68,45,65,75,64.2857,58.3333,69.2308,81.25,74.1176,33.3333,60.0,68.254
actor_131,9,0.8783,72,0.002699,1.2227,0.403,18.805,0.499,0.823,60,65,60,70,70,40,65,50,64.2857,58.3333,53.8462,75.0,76.4706,26.6667,60.0,28.5714
actor_132,8,0.8428,14,0.00404,0.9155,0.857,16.205,0.179,0.76,55,70,52,45,68,48,65,60,57.1429,66.6667,41.5385,43.75,74.1176,37.3333,60.0,44.4444
actor_133,9,0.8783,39,0.004147,0.9688,0.308,2.526,0.41,0.665,50,65,60,70,75,55,58,40,50.0,58.3333,53.8462,75.0,82.3529,46.6667,50.6667,12.6984
actor_134,9,0.8783,49,0.003354,1.0412,0.408,12.233,0.396,0.675,50,68,55,72,60,58,65,55,50.0,63.3333,46.1538,77.5,64.7059,50.6667,60.0,36.5079
actor_135,16,0.8895,5,3.8e-05,0.4762,0.2,1.32,0.74,0.57,60,50,70,75,70,45,65,90,64.2857,33.3333,69.2308,81.25,76.4706,33.3333,60.0,92.0635
actor_136,9,0.8783,12,0.00043,0.522,0.583,6.561,0.542,0.695,58,55,60,78,68,80,62,45,61.4286,41.6667,53.8462,85.0,74.1176,80.0,56.0,20.6349
actor_137,9,0.8783,54,0.000646,0.9162,0.315,7.223,0.535,0.805,60,58,59,70,65,45,62,41,64.2857,46.6667,52.3077,75.0,70.5882,33.3333,56.0,14.2857
actor_138,6,0.8312,33,0.039443,1.8948,0.727,27.593,0.294,0.675,60,65,58,55,75,70,62,68,64.2857,58.3333,50.7692,56.25,82.3529,66.6667,56.0,57.1429
actor_139,1,0.6916,6,0.00113,0.5879,0.167,1.252,0.317,0.195,25,40,35,45,15,90,20,75,14.2857,16.6667,15.3846,43.75,11.7647,93.3333,0.0,68.254
actor_140,12,0.9009,106,0.000641,1.1465,0.5,30.691,0.397,0.613,65,75,70,55,80,85,60,90,71.4286,75.0,69.2308,56.25,88.2353,86.6667,53.3333,92.0635
actor_141,8,0.8428,6,0.013531,0.5667,0.333,2.554,0.483,0.597,45,70,55,40,50,75,70,65,42.8571,66.6667,46.1538,37.5,52.9412,73.3333,66.6667,52.381
actor_142,6,0.8312,7,0.001646,0.4333,0.571,5.401,0.457,0.515,40,65,55,50,50,90,80,65,35.7143,58.3333,46.1538,50.0,52.9412,93.3333,80.0,52.381
actor_143,8,0.8428,28,0.013363,1.4641,0.679,30.04,0.332,0.615,60,65,58,50,75,78,72,68,64.2857,58.3333,50.7692,50.0,82.3529,77.3333,69.3333,57.1429
actor_144,16,0.8895,38,0.004206,1.1048,0.553,23.223,0.182,0.797,62,68,72,78,65,45,67,75,67.1429,63.3333,72.3077,85.0,70.5882,33.3333,62.6667,68.254
actor_145,8,0.8428,86,0.017352,1.5647,0.872,50.434,0.117,0.675,60,65,68,45,70,80,75,72,64.2857,58.3333,66.1538,43.75,76.4706,80.0,73.3333,63.4921
actor_146,2,0.843,7,0.008141,0.7894,0.286,2.709,0.486,0.595,50,85,70,45,55,80,75,90,50.0,91.6667,69.2308,43.75,58.8235,80.0,73.3333,92.0635
actor_147,2,0.843,24,0.022501,1.6997,0.792,29.789,0.204,0.698,55,75,60,60,65,70,70,80,57.1429,75.0,53.8462,62.5,70.5882,66.6667,66.6667,76.1905
actor_148,20,0.8572,5,2e-06,0.3095,0.6,4.052,0.54,0.742,75,85,65,80,90,20,85,90,85.7143,91.6667,61.5385,87.5,100.0,0.0,86.6667,92.0635
actor_149,16,0.8895,6,0.005442,0.7063,0.333,3.59,0.483,0.693,58,65,70,78,80,45,72,88,61.4286,58.3333,69.2308,85.0,88.2353,33.3333,69.3333,88.8889
actor_150,3,0.791,5,3.2e-05,0.2789,0.6,5.88,0.18,0.448,35,75,88,78,30,92,85,95,28.5714,75.0,96.9231,85.0,29.4118,96.0,86.6667,100.0
actor_151,8,0.8428,19,0.003652,1.0226,0.526,8.013,0.4,0.625,60,75,70,35,70,85,75,65,64.2857,75.0,69.2308,31.25,76.4706,86.6667,73.3333,52.381
actor_152,2,0.843,5,4.1e-05,0.2569,0.4,2.588,0.3,0.448,35,75,70,30,40,90,85,80,28.5714,75.0,69.2308,25.0,41.1765,93.3333,86.6667,76.1905
actor_153,18,0.8567,10,0.005371,0.6354,1.0,24.938,0.27,0.693,75,80,65,60,90,40,85,88,85.7143,83.3333,61.5385,62.5,100.0,26.6667,86.6667,88.8889
actor_154,20,0.8572,7,0.000988,0.5042,0.571,6.803,0.329,0.767,70,85,65,75,80,35,85,90,78.5714,91.6667,61.5385,81.25,88.2353,20.0,86.6667,92.0635
actor_155,15,0.8977,6,0.004331,0.4158,0.667,8.58,0.317,0.617,55,80,70,60,85,30,90,75,57.1429,83.3333,69.2308,62.5,94.1176,13.3333,93.3333,68.254
actor_156,4,0.8391,20,0.002715,0.8301,0.5,2.9,0.43,0.718,55,70,68,82,60,65,62,60,57.1429,66.6667,66.1538,90.0,64.7059,60.0,56.0,44.4444
actor_157,2,0.843,60,0.024472,1.6731,0.917,62.512,0.255,0.69,60,70,65,50,68,60,70,80,64.2857,66.6667,61.5385,50.0,74.1176,53.3333,66.6667,76.1905
actor_158,8,0.8428,7,0.002032,0.4399,0.714,8.815,0.414,0.55,50,80,68,30,85,80,70,75,50.0,83.3333,66.1538,25.0,94.1176,80.0,66.6667,68.254
actor_159,9,0.8783,51,0.000922,0.9607,0.314,9.002,0.602,0.667,60,65,60,75,70,35,68,45,64.2857,58.3333,53.8462,81.25,76.4706,20.0,64.0,20.6349
actor_160,9,0.8783,52,0.000258,0.771,0.327,4.797,0.515,0.755,55,68,60,72,52,40,63,45,57.1429,63.3333,53.8462,77.5,55.2941,26.6667,57.3333,20.6349
actor_161,19,0.8409,5,8.9e-05,0.3184,0.6,5.253,0.56,0.443,45,55,60,70,75,90,85,40,42.8571,41.6667,53.8462,75.0,82.3529,93.3333,86.6667,12.6984
actor_162,2,0.843,5,0.001426,0.8943,0.4,3.527,0.5,0.59,68,88,72,50,75,75,78,85,75.7143,96.6667,72.3077,50.0,82.3529,73.3333,77.3333,84.127
actor_163,4,0.8391,5,4.9e-05,0.321,0.6,3.821,0.38,0.555,45,50,40,55,75,40,70,55,42.8571,33.3333,23.0769,56.25,82.3529,26.6667,66.6667,36.5079
actor_164,8,0.8428,5,0.001604,0.5405,1.0,8.79,0.36,0.625,50,65,60,70,75,90,85,70,50.0,58.3333,53.8462,75.0,82.3529,93.3333,86.6667,60.3175
actor_165,4,0.8391,32,7e-06,0.5964,0.656,7.079,0.525,0.65,60,58,59,75,63,28,62,41,64.2857,46.6667,52.3077,81.25,68.2353,10.6667,56.0,14.2857
actor_166,4,0.8391,30,0.002106,0.8727,0.467,10.882,0.367,0.758,55,68,72,78,58,55,65,62,57.1429,63.3333,72.3077,85.0,62.3529,46.6667,60.0,47.619
actor_167,15,0.8977,9,0.010981,0.9082,0.556,7.298,0.333,0.715,75,85,70,65,90,40,80,75,85.7143,91.6667,69.2308,68.75,100.0,26.6667,80.0,68.254
actor_168,1,0.6916,5,0.002434,0.8906,0.8,8.815,0.26,0.627,50,65,60,75,60,85,60,75,50.0,58.3333,53.8462,81.25,64.7059,86.6667,53.3333,68.254
actor_169,9,0.8783,58,0.002959,1.2125,0.431,16.775,0.429,0.68,60,65,70,75,68,45,62,55,64.2857,58.3333,69.2308,81.25,74.1176,33.3333,56.0,36.5079
actor_170,11,0.8516,5,0.001426,0.3084,0.4,3.424,0.36,0.605,70,90,80,25,85,45,90,70,78.5714,100.0,84.6154,18.75,94.1176,33.3333,93.3333,60.3175
actor_171,9,0.8783,8,0.00046,0.4977,0.75,13.408,0.35,0.59,60,65,50,45,68,75,70,40,64.2857,58.3333,38.4615,43.75,74.1176,73.3333,66.6667,12.6984
actor_172,2,0.843,5,1.2e-05,0.231,0.4,3.363,0.38,0.443,45,75,70,25,35,90,80,95,42.8571,75.0,69.2308,18.75,35.2941,93.3333,80.0,100.0
actor_173,9,0.8783,48,0.001109,0.9945,0.333,9.687,0.59,0.645,58,65,55,62,70,35,68,45,61.4286,58.3333,46.1538,65.0,76.4706,20.0,64.0,20.6349
actor_174,4,0.8391,8,0.001399,0.5888,0.25,1.418,0.487,0.62,55,60,45,58,70,65,75,35,57.1429,50.0,30.7692,60.0,76.4706,60.0,73.3333,4.7619
actor_175,9,0.8783,9,0.015859,0.828,0.778,11.014,0.278,0.568,50,65,58,50,60,75,55,50,50.0,58.3333,50.7692,50.0,64.7059,73.3333,46.6667,28.5714
actor_176,5,0.7545,5,0.000504,0.3861,0.6,5.306,0.52,0.508,55,70,65,45,75,25,70,80,57.1429,66.6667,61.5385,43.75,82.3529,6.6667,66.6667,76.1905
actor_177,6,0.8312,11,0.004905,1.0457,0.455,2.451,0.391,0.672,60,80,70,40,75,60,70,65,64.2857,83.3333,69.2308,37.5,82.3529,53.3333,66.6667,52.381
actor_178,5,0.7545,5,8.8e-05,0.3101,1.0,12.407,0.16,0.438,40,65,80,25,35,85,45,90,35.7143,58.3333,84.6154,18.75,35.2941,86.6667,33.3333,92.0635
actor_179,8,0.8428,20,0.010344,1.234,0.8,19.697,0.28,0.57,55,60,65,45,70,85,80,75,57.1429,50.0,61.5385,43.75,76.4706,86.6667,80.0,68.254
actor_180,6,0.8312,6,0.001752,0.4444,0.5,3.975,0.45,0.568,60,75,70,35,80,90,90,65,64.2857,75.0,69.2308,31.25,88.2353,93.3333,93.3333,52.381
actor_181,14,0.8212,8,0.000797,0.6474,0.75,9.388,0.325,0.56,55,80,70,30,65,75,70,85,57.1429,83.3333,69.2308,25.0,70.5882,73.3333,66.6667,84.127
actor_182,2,0.843,9,0.003453,0.7769,0.444,3.577,0.544,0.625,60,85,75,55,70,58,75,90,64.2857,91.6667,76.9231,56.25,76.4706,50.6667,73.3333,92.0635
actor_183,1,0.6916,5,1.8e-05,0.5307,0.2,1.172,0.42,0.13,15,30,25,10,5,90,20,75,0.0,0.0,0.0,0.0,0.0,93.3333,0.0,68.254
actor_184,7,0.8559,40,0.008535,1.0743,0.825,32.359,0.66,0.752,60,75,65,55,85,50,75,80,64.2857,75.0,61.5385,56.25,94.1176,40.0,73.3333,76.1905
actor_185,18,0.8567,47,0.005947,1.2973,0.809,46.403,0.47,0.75,70,75,65,60,80,45,75,55,78.5714,75.0,61.5385,62.5,88.2353,33.3333,73.3333,36.5079
actor_186,15,0.8977,7,0.00124,0.565,0.571,6.794,0.414,0.677,72,88,83,68,78,45,86,70,81.4286,96.6667,89.2308,72.5,85.8824,33.3333,88.0,60.3175
actor_187,18,0.8567,30,0.006306,1.0234,0.9,24.55,0.18,0.748,70,80,75,65,85,45,80,70,78.5714,83.3333,76.9231,68.75,94.1176,33.3333,80.0,60.3175
actor_188,6,0.8312,8,0.009744,0.5644,0.5,8.702,0.275,0.65,60,85,70,35,80,65,75,70,64.2857,91.6667,69.2308,31.25,88.2353,60.0,73.3333,60.3175
actor_189,20,0.8572,5,3.4e-05,0.2714,0.6,3.827,0.54,0.475,75,65,80,90,88,45,95,85,85.7143,58.3333,84.6154,100.0,97.6471,33.3333,100.0,84.127
actor_190,4,0.8391,24,0.004131,0.906,0.542,9.901,0.458,0.682,60,55,58,65,75,70,70,45,64.2857,41.6667,50.7692,68.75,82.3529,66.6667,66.6667,20.6349
actor_191,9,0.8783,52,0.000263,0.7824,0.308,4.526,0.585,0.605,58,62,60,78,55,45,63,42,61.4286,53.3333,53.8462,85.0,58.8235,33.3333,57.3333,15.873
actor_192,13,0.9076,5,0.0,0.1891,0.8,6.594,0.38,0.48,55,70,60,40,85,80,30,90,57.1429,66.6667,53.8462,37.5,94.1176,80.0,13.3333,92.0635
actor_193,8,0.8428,16,0.007953,0.8109,0.5,11.532,0.369,0.588,45,70,58,40,60,85,75,68,42.8571,66.6667,50.7692,37.5,64.7059,86.6667,73.3333,57.1429
actor_194,6,0.8312,5,0.000103,0.3001,0.6,5.266,0.42,0.617,40,50,65,55,70,90,85,75,35.7143,33.3333,61.5385,56.25,76.4706,93.3333,86.6667,68.254
actor_195,9,0.8783,44,0.005462,1.1832,0.432,12.809,0.407,0.675,60,62,59,55,75,55,65,45,64.2857,53.3333,52.3077,56.25,82.3529,46.6667,60.0,20.6349
actor_196,4,0.8391,37,0.006708,0.9989,0.622,13.403,0.351,0.64,58,65,55,70,62,68,72,45,61.4286,58.3333,46.1538,75.0,67.0588,64.0,69.3333,20.6349
actor_197,4,0.8391,12,0.000756,0.7688,0.75,6.104,0.442,0.795,60,65,58,45,70,35,62,48,64.2857,58.3333,50.7692,43.75,76.4706,20.0,56.0,25.3968
actor_198,19,0.8409,8,0.002353,0.5483,0.75,9.034,0.4,0.545,50,60,45,62,68,85,75,48,50.0,50.0,30.7692,65.0,74.1176,86.6667,73.3333,25.3968
actor_199,9,0.8783,54,0.001373,1.0639,0.315,8.156,0.596,0.703,60,58,59,70,68,40,65,45,64.2857,46.6667,52.3077,75.0,74.1176,26.6667,60.0,20.6349
actor_200,5,0.7545,14,0.000707,0.6629,0.857,15.982,0.136,0.752,55,70,60,50,80,30,70,65,57.1429,66.6667,53.8462,50.0,88.2353,13.3333,66.6667,52.381
actor_201,6,0.8312,19,0.014188,1.4421,0.632,12.513,0.421,0.557,60,65,55,58,75,80,70,65,64.2857,58.3333,46.1538,60.0,82.3529,80.0,66.6667,52.381
actor_202,6,0.8312,7,0.000252,0.4793,0.571,4.174,0.557,0.635,65,80,75,35,70,70,80,60,71.4286,83.3333,76.9231,31.25,76.4706,66.6667,80.0,44.4444
actor_203,20,0.8572,5,0.00029,0.3823,0.6,6.528,0.32,0.585,70,80,85,75,90,40,95,85,78.5714,83.3333,92.3077,81.25,100.0,26.6667,100.0,84.127
actor_204,16,0.8895,5,1.3e-05,0.2223,0.8,8.426,0.46,0.475,68,80,85,72,90,90,92,95,75.7143,83.3333,92.3077,77.5,100.0,93.3333,96.0,100.0
actor_205,17,0.8164,5,0.001998,0.3056,0.8,10.492,0.28,0.662,75,80,85,70,90,60,95,70,85.7143,83.3333,92.3077,75.0,100.0,53.3333,100.0,60.3175
actor_206,1,0.6916,5,7.4e-05,0.5302,0.4,2.955,0.42,0.213,35,75,25,15,5,85,30,65,28.5714,75.0,0.0,6.25,0.0,86.6667,13.3333,52.381
actor_207,14,0.8212,5,0.0,0.197,0.6,5.858,0.34,0.395,40,45,40,25,75,85,70,90,35.7143,25.0,23.0769,18.75,82.3529,86.6667,66.6667,92.0635
actor_208,9,0.8783,51,0.000858,0.9488,0.314,10.451,0.622,0.613,60,65,55,70,68,35,62,45,64.2857,58.3333,46.1538,75.0,74.1176,20.0,56.0,20.6349
actor_209,9,0.8783,57,0.000952,0.9932,0.298,6.695,0.582,0.767,60,62,58,70,68,45,65,40,64.2857,53.3333,50.7692,75.0,74.1176,33.3333,60.0,12.6984
actor_210,9,0.8783,37,0.000196,0.7477,0.27,1.174,0.492,0.573,62,68,57,78,65,45,67,32,67.1429,63.3333,49.2308,85.0,70.5882,33.3333,62.6667,0.0
actor_211,4,0.8391,71,0.002968,1.2415,0.634,52.919,0.525,0.83,60,65,55,70,70,45,68,48,64.2857,58.3333,46.1538,75.0,76.4706,33.3333,64.0,25.3968
actor_212,4,0.8391,36,0.005895,0.9845,0.639,31.889,0.383,0.693,58,65,55,68,62,70,67,45,61.4286,58.3333,46.1538,72.5,67.0588,66.6667,62.6667,20.6349
actor_213,9,0.8783,53,0.002323,1.1423,0.415,22.179,0.517,0.732,60,70,68,75,60,45,65,55,64.2857,66.6667,66.1538,81.25,64.7059,33.3333,60.0,36.5079
actor_214,2,0.843,9,0.012863,0.8873,0.778,14.828,0.133,0.505,45,75,70,55,40,85,60,85,42.8571,75.0,69.2308,56.25,41.1765,86.6667,53.3333,84.127
actor_215,4,0.8391,6,0.000457,0.2457,0.5,4.907,0.367,0.512,45,40,50,55,65,60,50,35,42.8571,16.6667,38.4615,56.25,70.5882,53.3333,40.0,4.7619
actor_216,4,0.8391,19,0.00253,0.8008,0.526,5.064,0.384,0.532,60,70,55,75,65,70,80,45,64.2857,66.6667,46.1538,81.25,70.5882,66.6667,80.0,20.6349
actor_217,9,0.8783,64,0.004898,1.1926,0.313,7.557,0.461,0.653,58,62,53,72,68,55,65,48,61.4286,53.3333,43.0769,77.5,74.1176,46.6667,60.0,25.3968
actor_218,9,0.8783,51,0.004177,1.1837,0.51,15.398,0.316,0.765,65,70,60,68,80,55,75,45,71.4286,66.6667,53.8462,72.5,88.2353,46.6667,73.3333,20.6349
actor_219,9,0.8783,6,0.000309,0.4751,0.667,7.103,0.467,0.603,45,65,45,70,75,80,60,48,42.8571,58.3333,30.7692,75.0,82.3529,80.0,53.3333,25.3968
actor_220,9,0.8783,41,0.002028,1.0525,0.341,7.7,0.454,0.61,60,68,55,72,75,60,58,45,64.2857,63.3333,46.1538,77.5,82.3529,53.3333,50.6667,20.6349
actor_221,14,0.8212,6,0.00076,0.3895,0.5,6.456,0.45,0.593,40,60,48,55,75,78,70,85,35.7143,50.0,35.3846,56.25,82.3529,77.3333,66.6667,84.127
actor_222,6,0.8312,13,0.006132,0.9622,0.769,9.224,0.215,0.508,45,72,60,58,78,65,70,55,42.8571,70.0,53.8462,60.0,85.8824,60.0,66.6667,36.5079
actor_223,8,0.8428,19,0.004997,0.9233,0.684,9.851,0.247,0.59,60,75,70,40,55,85,80,65,64.2857,75.0,69.2308,37.5,58.8235,86.6667,80.0,52.381
actor_224,8,0.8428,6,0.000704,0.2611,0.833,10.66,0.217,0.537,45,70,60,55,40,80,75,50,42.8571,66.6667,53.8462,56.25,41.1765,80.0,73.3333,28.5714
actor_225,9,0.8783,61,0.002476,1.1681,0.295,10.126,0.507,0.79,60,65,55,70,75,50,70,45,64.2857,58.3333,46.1538,75.0,82.3529,40.0,66.6667,20.6349
actor_226,8,0.8428,42,0.019139,1.6204,0.762,36.709,0.298,0.67,60,78,68,52,72,70,75,65,64.2857,80.0,66.1538,52.5,78.8235,66.6667,73.3333,52.381
actor_227,9,0.8783,64,0.005764,1.2742,0.313,11.83,0.459,0.78,60,65,60,70,70,55,70,45,64.2857,58.3333,53.8462,75.0,76.4706,46.6667,66.6667,20.6349
actor_228,4,0.8391,46,0.004067,1.0646,0.674,22.837,0.326,0.685,55,65,58,70,68,65,63,45,57.1429,58.3333,50.7692,75.0,74.1176,60.0,57.3333,20.6349
actor_229,19,0.8409,6,0.000479,0.4525,0.833,7.163,0.35,0.55,60,70,55,50,75,90,85,45,64.2857,66.6667,46.1538,50.0,82.3529,93.3333,86.6667,20.6349
actor_230,5,0.7545,9,0.005804,0.6517,0.667,8.801,0.256,0.625,50,60,55,70,60,65,55,75,50.0,50.0,46.1538,75.0,64.7059,60.0,46.6667,68.254
actor_231,4,0.8391,27,0.003957,0.8419,0.667,27.706,0.437,0.742,55,65,58,70,60,75,68,45,57.1429,58.3333,50.7692,75.0,64.7059,73.3333,64.0,20.6349
actor_232,4,0.8391,32,7e-06,0.5964,0.656,7.079,0.581,0.767,60,58,59,75,63,28,62,41,64.2857,46.6667,52.3077,81.25,68.2353,10.6667,56.0,14.2857
actor_233,17,0.8164,5,0.000365,0.4439,0.6,5.318,0.32,0.512,45,65,55,35,70,85,75,50,42.8571,58.3333,46.1538,31.25,76.4706,86.6667,73.3333,28.5714
actor_234,8,0.8428,31,0.009882,1.1904,0.774,29.98,0.423,0.66,65,70,60,50,80,75,75,60,71.4286,66.6667,53.8462,50.0,88.2353,73.3333,73.3333,44.4444
actor_235,6,0.8312,6,0.006375,0.4365,0.833,9.837,0.283,0.348,35,60,45,25,20,90,75,55,28.5714,50.0,30.7692,18.75,17.6471,93.3333,73.3333,36.5079
actor_236,9,0.8783,15,0.000109,0.6693,0.333,1.491,0.453,0.682,58,75,52,78,72,55,75,35,61.4286,75.0,41.5385,85.0,78.8235,46.6667,73.3333,4.7619
actor_237,18,0.8567,65,0.009548,1.4552,0.923,55.392,0.217,0.787,60,70,65,55,80,50,70,55,64.2857,66.6667,61.5385,56.25,88.2353,40.0,66.6667,36.5079
actor_238,6,0.8312,9,0.002459,0.6317,0.556,5.663,0.378,0.637,45,70,65,55,75,90,80,60,42.8571,66.6667,61.5385,56.25,82.3529,93.3333,80.0,44.4444
actor_239,9,0.8783,49,0.00039,0.8161,0.327,6.73,0.602,0.645,50,60,55,70,60,40,70,45,50.0,50.0,46.1538,75.0,64.7059,26.6667,66.6667,20.6349
actor_240,8,0.8428,8,0.003433,0.5373,0.625,8.655,0.437,0.532,48,68,58,35,45,88,78,72,47.1429,63.3333,50.7692,31.25,47.0588,90.6667,77.3333,63.4921
actor_241,8,0.8428,29,0.009575,1.1196,0.724,17.445,0.383,0.65,60,75,65,50,70,70,80,55,64.2857,75.0,61.5385,50.0,76.4706,66.6667,80.0,36.5079
actor_242,1,0.6916,7,0.004933,0.5728,0.857,13.01,0.329,0.708,55,78,65,45,60,35,75,68,57.1429,80.0,61.5385,43.75,64.7059,20.0,73.3333,57.1429
actor_243,4,0.8391,5,0.000452,0.455,0.6,6.599,0.3,0.708,65,55,50,45,85,70,75,50,71.4286,41.6667,38.4615,43.75,94.1176,66.6667,73.3333,28.5714
actor_244,6,0.8312,10,0.003052,0.5201,0.6,7.248,0.44,0.65,45,70,60,35,75,90,85,65,42.8571,66.6667,53.8462,31.25,82.3529,93.3333,86.6667,52.381
actor_245,4,0.8391,15,0.011096,1.214,0.533,4.988,0.453,1.0,65,60,70,75,70,65,55,60,71.4286,50.0,69.2308,81.25,76.4706,60.0,46.6667,44.4444
actor_246,6,0.8312,40,0.031781,1.733,0.75,25.782,0.27,1.0,65,70,60,55,70,75,65,60,71.4286,66.6667,53.8462,56.25,76.4706,73.3333,60.0,44.4444
actor_247,13,0.9076,51,0.008118,1.4034,0.647,23.577,0.192,1.0,65,70,75,55,60,80,70,60,71.4286,66.6667,76.9231,56.25,64.7059,80.0,66.6667,44.4444
actor_248,18,0.8567,56,0.017596,1.5928,0.893,43.248,0.223,1.0,65,70,75,60,70,50,65,60,71.4286,66.6667,76.9231,62.5,76.4706,40.0,60.0,44.4444
actor_249,12,0.9009,115,0.001149,1.2507,0.53,78.894,0.59,1.0,65,70,75,55,65,85,60,80,71.4286,66.6667,76.9231,56.25,70.5882,86.6667,53.3333,76.1905
actor_250,13,0.9076,108,0.002727,1.3482,0.519,36.905,0.544,1.0,65,70,75,60,70,85,65,80,71.4286,66.6667,76.9231,62.5,76.4706,86.6667,60.0,76.1905
actor_251,12,0.9009,109,0.00283,1.3558,0.523,57.808,0.633,1.0,65,70,75,60,65,85,70,80,71.4286,66.6667,76.9231,62.5,70.5882,86.6667,66.6667,76.1905
actor_252,18,0.8567,10,0.001001,0.538,0.8,10.07,0.53,1.0,75,80,70,60,85,30,75,50,85.7143,83.3333,69.2308,62.5,94.1176,13.3333,73.3333,28.5714
actor_253,15,0.8977,44,0.004001,1.3161,0.5,16.573,0.466,1.0,75,70,65,60,80,50,70,55,85.7143,66.6667,61.5385,62.5,88.2353,40.0,66.6667,36.5079
actor_254,17,0.8164,13,0.002549,0.706,0.846,19.608,0.2,0.637,65,70,68,60,75,90,85,55,71.4286,66.6667,66.1538,62.5,82.3529,93.3333,86.6667,36.5079
actor_255,12,0.9009,115,0.001149,1.2507,0.53,78.894,0.56,1.0,65,70,75,55,65,85,60,80,71.4286,66.6667,76.9231,56.25,70.5882,86.6667,53.3333,76.1905
actor_256,15,0.8977,50,0.003704,1.3233,0.54,22.292,0.45,1.0,75,70,65,60,80,50,70,60,85.7143,66.6667,61.5385,62.5,88.2353,40.0,66.6667,44.4444
actor_257,7,0.8559,61,0.004292,1.2286,0.902,55.766,0.266,1.0,75,70,65,60,70,50,80,70,85.7143,66.6667,61.5385,62.5,76.4706,40.0,80.0,60.3175
actor_258,12,0.9009,114,0.001226,1.2416,0.518,84.797,0.629,1.0,65,70,75,55,60,85,70,80,71.4286,66.6667,76.9231,56.25,64.7059,86.6667,66.6667,76.1905
actor_259,15,0.8977,50,0.003704,1.3233,0.54,20.362,0.442,1.0,75,70,65,60,80,50,70,60,85.7143,66.6667,61.5385,62.5,88.2353,40.0,66.6667,44.4444
actor_260,12,0.9009,115,0.001149,1.2507,0.53,77.113,0.56,1.0,65,70,75,55,65,85,60,80,71.4286,66.6667,76.9231,56.25,70.5882,86.6667,53.3333,76.1905
actor_261,13,0.9076,116,0.000981,1.2207,0.5,54.65,0.591,1.0,65,70,75,55,60,85,65,80,71.4286,66.6667,76.9231,56.25,64.7059,86.6667,60.0,76.1905
actor_262,12,0.9009,108,0.002727,1.3482,0.5,56.459,0.643,1.0,65,70,75,60,70,85,65,80,71.4286,66.6667,76.9231,62.5,76.4706,86.6667,60.0,76.1905
actor_263,18,0.8567,44,0.004001,1.3161,0.795,57.304,0.45,1.0,75,70,65,60,80,50,70,55,85.7143,66.6667,61.5385,62.5,88.2353,40.0,66.6667,36.5079
actor_264,15,0.8977,50,0.003704,1.3233,0.54,20.362,0.45,1.0,75,70,65,60,80,50,70,60,85.7143,66.6667,61.5385,62.5,88.2353,40.0,66.6667,44.4444
actor_265,18,0.8567,26,0.001817,0.9019,0.808,19.204,0.331,1.0,75,70,65,80,85,60,70,60,85.7143,66.6667,61.5385,87.5,94.1176,53.3333,66.6667,44.4444
actor_266,11,0.8516,6,0.00082,0.3306,0.833,10.588,0.4,1.0,75,85,70,40,65,30,80,90,85.7143,91.6667,69.2308,37.5,70.5882,13.3333,80.0,92.0635
actor_267,18,0.8567,25,0.003676,0.88,0.88,21.907,0.58,1.0,75,70,65,55,80,30,75,60,85.7143,66.6667,61.5385,56.25,88.2353,13.3333,73.3333,44.4444
actor_268,11,0.8516,6,0.004078,0.4101,0.5,5.275,0.367,1.0,75,80,70,40,85,30,90,60,85.7143,83.3333,69.2308,37.5,94.1176,13.3333,93.3333,44.4444
actor_269,11,0.8516,6,0.000707,0.3437,0.5,5.205,0.333,1.0,75,80,70,40,85,20,90,60,85.7143,83.3333,69.2308,37.5,94.1176,0.0,93.3333,44.4444
actor_270,12,0.9009,108,0.005087,1.3904,0.546,67.266,0.508,1.0,65,70,75,60,65,75,55,80,71.4286,66.6667,76.9231,62.5,70.5882,73.3333,46.6667,76.1905
actor_271,3,0.791,18,0.003497,0.9783,0.833,13.196,0.233,1.0,60,55,75,40,50,85,70,80,64.2857,41.6667,76.9231,37.5,52.9412,86.6667,66.6667,76.1905
actor_272,12,0.9009,116,0.012508,1.606,0.621,107.047,0.533,1.0,65,70,75,60,65,75,70,80,71.4286,66.6667,76.9231,62.5,70.5882,73.3333,66.6667,76.1905
actor_273,13,0.9076,55,0.005031,1.2159,0.655,37.311,0.462,1.0,65,60,70,55,65,75,50,70,71.4286,50.0,69.2308,56.25,70.5882,73.3333,40.0,60.3175
actor_274,12,0.9009,100,0.000386,1.0764,0.51,35.368,0.667,1.0,65,70,75,55,60,85,50,80,71.4286,66.6667,76.9231,56.25,64.7059,86.6667,40.0,76.1905
actor_275,12,0.9009,93,0.000493,1.0614,0.548,21.367,0.567,1.0,65,70,75,55,60,85,50,70,71.4286,66.6667,76.9231,56.25,64.7059,86.6667,40.0,60.3175
actor_276,9,0.8783,79,0.016016,1.616,0.646,41.79,0.216,1.0,65,70,60,75,70,50,65,60,71.4286,66.6667,53.8462,81.25,76.4706,40.0,60.0,44.4444
actor_277,13,0.9076,113,0.006002,1.4292,0.513,57.43,0.565,1.0,65,70,75,55,60,80,65,70,71.4286,66.6667,76.9231,56.25,64.7059,80.0,60.0,60.3175
actor_278,13,0.9076,55,0.005031,1.2159,0.655,34.602,0.462,1.0,65,60,70,55,65,75,50,70,71.4286,50.0,69.2308,56.25,70.5882,73.3333,40.0,60.3175
actor_279,7,0.8559,52,0.008646,1.3048,0.827,79.131,0.55,1.0,65,70,75,60,70,50,65,80,71.4286,66.6667,76.9231,62.5,76.4706,40.0,60.0,76.1905
actor_280,18,0.8567,29,0.001116,0.8626,0.759,17.146,0.362,1.0,75,70,65,80,85,40,70,60,85.7143,66.6667,61.5385,87.5,94.1176,26.6667,66.6667,44.4444
actor_281,13,0.9076,85,0.001157,1.1592,0.482,37.541,0.296,1.0,65,60,75,45,55,85,70,80,71.4286,50.0,76.9231,43.75,58.8235,86.6667,66.6667,76.1905
actor_282,12,0.9009,115,0.012508,1.606,0.617,101.721,0.544,1.0,65,70,75,60,65,75,70,80,71.4286,66.6667,76.9231,62.5,70.5882,73.3333,66.6667,76.1905
actor_283,13,0.9076,53,0.007612,1.3792,0.509,18.77,0.179,1.0,65,70,75,55,60,80,65,60,71.4286,66.6667,76.9231,56.25,64.7059,80.0,60.0,44.4444
actor_284,13,0.9076,116,0.000981,1.2207,0.5,53.784,0.578,1.0,65,70,75,55,60,85,65,80,71.4286,66.6667,76.9231,56.25,64.7059,86.6667,60.0,76.1905
actor_285,13,0.9076,97,0.005119,1.4063,0.515,34.105,0.401,1.0,65,60,70,55,75,80,65,70,71.4286,50.0,69.2308,56.25,82.3529,80.0,60.0,60.3175
actor_286,16,0.8895,49,0.015052,1.5091,0.531,26.895,0.602,1.0,75,70,65,55,70,60,75,80,85.7143,66.6667,61.5385,56.25,76.4706,53.3333,73.3333,76.1905
actor_287,12,0.9009,114,0.001226,1.2416,0.518,84.797,0.597,1.0,65,70,75,55,60,85,70,80,71.4286,66.6667,76.9231,56.25,64.7059,86.6667,66.6667,76.1905
actor_288,13,0.9076,116,0.000981,1.2207,0.5,53.784,0.553,1.0,65,70,75,55,60,85,65,80,71.4286,66.6667,76.9231,56.25,64.7059,86.6667,60.0,76.1905
actor_289,13,0.9076,108,0.002727,1.3482,0.519,36.905,0.643,1.0,65,70,75,60,70,85,65,80,71.4286,66.6667,76.9231,62.5,76.4706,86.6667,60.0,76.1905
actor_290,7,0.8559,69,0.01453,1.5593,0.884,72.98,0.28,1.0,65,70,75,60,70,50,65,70,71.4286,66.6667,76.9231,62.5,76.4706,40.0,60.0,60.3175
actor_291,19,0.8409,5,0.001542,0.6148,0.8,7.312,0.42,1.0,75,70,65,80,70,85,75,60,85.7143,66.6667,61.5385,87.5,76.4706,86.6667,73.3333,44.4444
actor_292,12,0.9009,88,0.006494,1.3691,0.648,75.989,0.472,1.0,65,70,75,60,70,85,75,80,71.4286,66.6667,76.9231,62.5,76.4706,86.6667,73.3333,76.1905
actor_293,15,0.8977,59,0.005406,1.2675,0.627,31.829,0.275,1.0,75,70,65,60,80,40,70,65,85.7143,66.6667,61.5385,62.5,88.2353,26.6667,66.6667,52.381
actor_294,12,0.9009,113,0.006002,1.4292,0.584,66.423,0.59,1.0,65,70,75,55,60,80,65,70,71.4286,66.6667,76.9231,56.25,64.7059,80.0,60.0,60.3175
actor_295,12,0.9009,74,0.003245,1.2374,0.689,47.55,0.354,1.0,65,70,75,60,70,85,80,70,71.4286,66.6667,76.9231,62.5,76.4706,86.6667,80.0,60.3175
actor_296,8,0.8428,50,0.021603,1.6604,0.88,42.776,0.112,1.0,65,70,75,60,70,65,80,70,71.4286,66.6667,76.9231,62.5,76.4706,60.0,80.0,60.3175
actor_297,12,0.9009,113,0.006002,1.4292,0.584,61.007,0.59,1.0,65,70,75,55,60,80,65,70,71.4286,66.6667,76.9231,56.25,64.7059,80.0,60.0,60.3175
actor_298,13,0.9076,97,0.005119,1.4063,0.515,34.105,0.348,1.0,65,60,70,55,75,80,65,70,71.4286,50.0,69.2308,56.25,82.3529,80.0,60.0,60.3175
actor_299,15,0.8977,28,0.000917,0.84,0.464,12.982,0.382,1.0,75,70,65,80,85,40,75,60,85.7143,66.6667,61.5385,87.5,94.1176,26.6667,73.3333,44.4444
actor_300,9,0.8783,15,0.000975,0.9177,0.467,4.818,0.387,1.0,65,70,60,55,75,40,50,50,71.4286,66.6667,53.8462,56.25,82.3529,26.6667,40.0,28.5714
actor_301,15,0.8977,23,0.003579,0.8986,0.217,3.329,0.617,1.0,75,70,65,55,80,30,70,60,85.7143,66.6667,61.5385,56.25,88.2353,13.3333,66.6667,44.4444
actor_302,7,0.8559,36,0.006884,0.9235,0.806,54.655,0.758,1.0,75,70,65,55,80,40,70,85,85.7143,66.6667,61.5385,56.25,88.2353,26.6667,66.6667,84.127
actor_303,12,0.9009,119,0.005167,1.4286,0.555,94.268,0.576,1.0,65,70,75,60,65,80,70,80,71.4286,66.6667,76.9231,62.5,70.5882,80.0,66.6667,76.1905
actor_304,12,0.9009,113,0.006002,1.4292,0.584,61.007,0.536,1.0,65,70,75,55,60,80,65,70,71.4286,66.6667,76.9231,56.25,64.7059,80.0,60.0,60.3175
actor_305,12,0.9009,113,0.006002,1.4292,0.584,61.007,0.59,1.0,65,70,75,55,60,80,65,70,71.4286,66.6667,76.9231,56.25,64.7059,80.0,60.0,60.3175
actor_306,12,0.9009,117,0.001982,1.2794,0.538,76.631,0.564,1.0,65,70,75,55,65,80,60,85,71.4286,66.6667,76.9231,56.25,70.5882,80.0,53.3333,84.127
actor_307,12,0.9009,114,0.004375,1.3936,0.588,60.288,0.526,1.0,65,70,75,55,65,80,60,70,71.4286,66.6667,76.9231,56.25,70.5882,80.0,53.3333,60.3175
actor_308,12,0.9009,110,0.001669,1.2502,0.582,61.523,0.597,1.0,65,70,75,55,65,85,60,70,71.4286,66.6667,76.9231,56.25,70.5882,86.6667,53.3333,60.3175
actor_309,7,0.8559,52,0.002944,1.1006,0.827,78.653,0.588,1.0,75,70,65,60,80,50,70,80,85.7143,66.6667,61.5385,62.5,88.2353,40.0,66.6667,76.1905
actor_310,3,0.791,12,0.011435,0.828,0.833,13.81,0.2,1.0,60,55,65,40,50,75,55,70,64.2857,41.6667,61.5385,37.5,52.9412,73.3333,46.6667,60.3175
actor_311,12,0.9009,92,0.000912,1.1271,0.511,29.562,0.539,1.0,65,70,75,40,55,85,60,80,71.4286,66.6667,76.9231,37.5,58.8235,86.6667,53.3333,76.1905
actor_312,12,0.9009,115,0.012508,1.606,0.617,91.27,0.475,1.0,65,70,75,60,65,75,70,80,71.4286,66.6667,76.9231,62.5,70.5882,73.3333,66.6667,76.1905
actor_313,13,0.9076,63,0.000141,0.9489,0.556,30.009,0.479,1.0,65,60,70,45,55,85,50,80,71.4286,50.0,69.2308,43.75,58.8235,86.6667,40.0,76.1905
actor_314,7,0.8559,48,0.005034,1.1885,0.813,89.933,0.583,1.0,65,70,60,55,75,50,65,80,71.4286,66.6667,53.8462,56.25,82.3529,40.0,60.0,76.1905
actor_315,13,0.9076,116,0.000981,1.2207,0.5,53.784,0.59,1.0,65,70,75,55,60,85,65,80,71.4286,66.6667,76.9231,56.25,64.7059,86.6667,60.0,76.1905
actor_316,12,0.9009,91,0.002608,1.2587,0.582,42.715,0.618,1.0,75,70,75,60,65,80,70,85,85.7143,66.6667,76.9231,62.5,70.5882,80.0,66.6667,84.127
actor_317,16,0.8895,47,0.003926,1.126,0.468,25.307,0.651,1.0,75,70,65,60,70,50,75,80,85.7143,66.6667,61.5385,62.5,76.4706,40.0,73.3333,76.1905
actor_318,8,0.8428,50,0.021603,1.6604,0.88,42.776,0.118,1.0,65,70,75,60,70,65,80,70,71.4286,66.6667,76.9231,62.5,76.4706,60.0,80.0,60.3175
actor_319,15,0.8977,28,0.000917,0.84,0.464,12.982,0.332,1.0,75,70,65,80,85,40,75,60,85.7143,66.6667,61.5385,87.5,94.1176,26.6667,73.3333,44.4444
actor_320,13,0.9076,108,0.002727,1.3482,0.519,36.905,0.643,1.0,65,70,75,60,70,85,65,80,71.4286,66.6667,76.9231,62.5,76.4706,86.6667,60.0,76.1905
actor_321,13,0.9076,116,0.000981,1.2207,0.5,53.784,0.578,1.0,65,70,75,55,60,85,65,80,71.4286,66.6667,76.9231,56.25,64.7059,86.6667,60.0,76.1905
actor_322,21,0.932,20,0.006332,0.7393,0.85,14.782,0.18,1.0,75,70,65,80,85,40,75,90,85.7143,66.6667,61.5385,87.5,94.1176,26.6667,73.3333,92.0635
actor_323,0,0.8178,22,0.012801,1.0704,0.955,34.334,0.155,1.0,60,55,70,40,50,85,65,80,64.2857,41.6667,69.2308,37.5,52.9412,86.6667,60.0,76.1905
actor_324,15,0.8977,36,0.002715,1.1144,0.389,9.326,0.506,1.0,75,70,65,55,80,40,70,60,85.7143,66.6667,61.5385,56.25,88.2353,26.6667,66.6667,44.4444
actor_325,16,0.8895,40,0.004344,1.0375,0.375,19.34,0.715,1.0,75,70,65,60,80,50,70,85,85.7143,66.6667,61.5385,62.5,88.2353,40.0,66.6667,84.127
actor_326,21,0.932,5,0.0,0.2852,0.4,2.734,0.62,1.0,85,75,70,80,90,20,75,90,100.0,75.0,69.2308,87.5,100.0,0.0,73.3333,92.0635
actor_327,21,0.932,7,0.000132,0.3722,0.571,4.081,0.614,1.0,85,75,70,80,90,30,80,90,100.0,75.0,69.2308,87.5,100.0,13.3333,80.0,92.0635
actor_328,3,0.791,13,0.009676,0.9557,0.846,22.687,0.262,1.0,50,60,75,40,55,85,70,90,50.0,50.0,76.9231,37.5,58.8235,86.6667,66.6667,92.0635
actor_329,13,0.9076,115,0.001149,1.2507,0.496,59.372,0.56,1.0,65,70,75,55,65,85,60,80,71.4286,66.6667,76.9231,56.25,70.5882,86.6667,53.3333,76.1905
actor_330,7,0.8559,44,0.004425,1.1266,0.841,50.351,0.523,1.0,65,70,75,55,70,50,60,80,71.4286,66.6667,76.9231,56.25,76.4706,40.0,53.3333,76.1905
actor_331,15,0.8977,40,0.003156,1.2433,0.475,13.147,0.493,1.0,75,70,65,55,80,50,70,60,85.7143,66.6667,61.5385,56.25,88.2353,40.0,66.6667,44.4444
actor_332,3,0.791,22,0.00944,1.0216,0.864,27.782,0.168,1.0,60,55,70,40,50,85,65,80,64.2857,41.6667,69.2308,37.5,52.9412,86.6667,60.0,76.1905
actor_333,12,0.9009,108,0.000456,1.1198,0.537,47.598,0.593,1.0,65,70,75,60,65,85,55,80,71.4286,66.6667,76.9231,62.5,70.5882,86.6667,46.6667,76.1905
actor_334,15,0.8977,50,0.003704,1.3233,0.54,19.434,0.45,1.0,75,70,65,60,80,50,70,60,85.7143,66.6667,61.5385,62.5,88.2353,40.0,66.6667,44.4444
actor_335,13,0.9076,63,0.000141,0.9489,0.556,26.843,0.46,1.0,65,60,70,45,55,85,50,80,71.4286,50.0,69.2308,43.75,58.8235,86.6667,40.0,76.1905
actor_336,12,0.9009,92,0.000912,1.1271,0.511,29.562,0.62,1.0,65,70,75,40,55,85,60,80,71.4286,66.6667,76.9231,37.5,58.8235,86.6667,53.3333,76.1905
actor_337,12,0.9009,92,0.000912,1.1271,0.511,29.562,0.645,1.0,65,70,75,40,55,85,60,80,71.4286,66.6667,76.9231,37.5,58.8235,86.6667,53.3333,76.1905
actor_338,7,0.8559,53,0.01762,1.6152,0.906,43.792,0.338,1.0,65,60,70,55,75,65,70,80,71.4286,50.0,69.2308,56.25,82.3529,60.0,66.6667,76.1905
actor_339,15,0.8977,50,0.003704,1.3233,0.54,19.434,0.396,1.0,75,70,65,60,80,50,70,60,85.7143,66.6667,61.5385,62.5,88.2353,40.0,66.6667,44.4444
actor_340,16,0.8895,52,0.002944,1.1006,0.519,27.102,0.588,1.0,75,70,65,60,80,50,70,80,85.7143,66.6667,61.5385,62.5,88.2353,40.0,66.6667,76.1905
actor_341,12,0.9009,86,0.007105,1.2968,0.558,26.419,0.537,1.0,65,60,70,55,65,75,50,80,71.4286,50.0,69.2308,56.25,70.5882,73.3333,40.0,76.1905
actor_342,12,0.9009,95,0.004464,1.384,0.6,27.655,0.443,1.0,75,70,65,55,70,80,60,70,85.7143,66.6667,61.5385,56.25,76.4706,80.0,53.3333,60.3175
actor_343,13,0.9076,95,0.000769,1.1862,0.516,17.723,0.642,1.0,75,70,65,55,70,85,60,80,85.7143,66.6667,61.5385,56.25,76.4706,86.6667,53.3333,76.1905
actor_344,16,0.8895,46,0.003002,1.1205,0.413,20.531,0.678,1.0,75,70,65,60,70,50,65,80,85.7143,66.6667,61.5385,62.5,76.4706,40.0,60.0,76.1905
actor_345,12,0.9009,108,0.005753,1.4427,0.63,74.129,0.559,1.0,65,70,75,60,70,80,65,70,71.4286,66.6667,76.9231,62.5,76.4706,80.0,60.0,60.3175
actor_346,12,0.9009,100,0.000386,1.0764,0.51,33.712,0.667,1.0,65,70,75,55,60,85,50,80,71.4286,66.6667,76.9231,56.25,64.7059,86.6667,40.0,76.1905
actor_347,13,0.9076,53,0.008203,1.4097,0.66,32.349,0.192,1.0,65,70,75,55,65,80,70,60,71.4286,66.6667,76.9231,56.25,70.5882,80.0,66.6667,44.4444
actor_348,16,0.8895,52,0.002944,1.1006,0.519,25.254,0.588,1.0,75,70,65,60,80,50,70,80,85.7143,66.6667,61.5385,62.5,88.2353,40.0,66.6667,76.1905
actor_349,12,0.9009,89,0.001251,1.1098,0.562,28.055,0.527,1.0,65,60,70,55,65,85,50,75,71.4286,50.0,69.2308,56.25,70.5882,86.6667,40.0,68.254
actor_350,16,0.8895,46,0.003002,1.1205,0.413,20.531,0.678,1.0,75,70,65,60,70,50,65,80,85.7143,66.6667,61.5385,62.5,76.4706,40.0,60.0,76.1905
actor_351,13,0.9076,102,0.004024,1.1377,0.529,51.537,0.564,1.0,65,70,75,55,50,85,60,80,71.4286,66.6667,76.9231,56.25,52.9412,86.6667,53.3333,76.1905
actor_352,4,0.8391,15,0.011096,1.214,0.533,4.988,0.387,1.0,65,60,70,75,70,65,55,60,71.4286,50.0,69.2308,81.25,76.4706,60.0,46.6667,44.4444
actor_353,12,0.9009,108,0.005753,1.4427,0.63,74.129,0.466,1.0,65,70,75,60,70,80,65,70,71.4286,66.6667,76.9231,62.5,76.4706,80.0,60.0,60.3175
actor_354,13,0.9076,115,0.001149,1.2507,0.496,58.699,0.56,1.0,65,70,75,55,65,85,60,80,71.4286,66.6667,76.9231,56.25,70.5882,86.6667,53.3333,76.1905
actor_355,13,0.9076,114,0.001226,1.2416,0.518,56.443,0.626,1.0,65,70,75,55,60,85,70,80,71.4286,66.6667,76.9231,56.25,64.7059,86.6667,66.6667,76.1905
actor_356,12,0.9009,85,0.001207,1.172,0.612,46.979,0.508,1.0,65,70,75,40,55,85,70,80,71.4286,66.6667,76.9231,37.5,58.8235,86.6667,66.6667,76.1905
actor_357,13,0.9076,108,0.002727,1.3482,0.519,36.905,0.657,1.0,65,70,75,60,70,85,65,80,71.4286,66.6667,76.9231,62.5,76.4706,86.6667,60.0,76.1905
actor_358,16,0.8895,46,0.003002,1.1205,0.413,16.54,0.678,1.0,75,70,65,60,70,50,65,80,85.7143,66.6667,61.5385,62.5,76.4706,40.0,60.0,76.1905
actor_359,13,0.9076,95,0.000769,1.1862,0.516,17.723,0.604,1.0,75,70,65,55,70,85,60,80,85.7143,66.6667,61.5385,56.25,76.4706,86.6667,53.3333,76.1905
actor_360,16,0.8895,46,0.003002,1.1205,0.413,16.54,0.678,1.0,75,70,65,60,70,50,65,80,85.7143,66.6667,61.5385,62.5,76.4706,40.0,60.0,76.1905
actor_361,12,0.9009,92,0.000912,1.1271,0.511,29.562,0.645,1.0,65,70,75,40,55,85,60,80,71.4286,66.6667,76.9231,37.5,58.8235,86.6667,53.3333,76.1905
actor_362,13,0.9076,115,0.001149,1.2507,0.496,58.699,0.59,1.0,65,70,75,55,65,85,60,80,71.4286,66.6667,76.9231,56.25,70.5882,86.6667,53.3333,76.1905
actor_363,13,0.9076,115,0.001149,1.2507,0.496,58.699,0.56,1.0,65,70,75,55,65,85,60,80,71.4286,66.6667,76.9231,56.25,70.5882,86.6667,53.3333,76.1905
actor_364,15,0.8977,43,0.009401,1.3639,0.558,13.936,0.421,1.0,75,70,65,55,80,60,70,60,85.7143,66.6667,61.5385,56.25,88.2353,53.3333,66.6667,44.4444
actor_365,18,0.8567,27,0.001735,0.9553,0.889,14.296,0.256,1.0,75,70,65,80,75,60,70,50,85.7143,66.6667,61.5385,87.5,82.3529,53.3333,66.6667,28.5714
actor_366,22,0.9518,21,0.004286,1.0992,0.905,14.929,0.219,1.0,75,70,65,80,70,60,75,70,85.7143,66.6667,61.5385,87.5,76.4706,53.3333,73.3333,60.3175
actor_367,16,0.8895,46,0.003002,1.1205,0.413,16.54,0.678,1.0,75,70,65,60,70,50,65,80,85.7143,66.6667,61.5385,62.5,76.4706,40.0,60.0,76.1905
actor_368,18,0.8567,28,0.002563,0.9258,0.893,18.099,0.275,1.0,75,70,65,80,85,60,75,70,85.7143,66.6667,61.5385,87.5,94.1176,53.3333,73.3333,60.3175
actor_369,13,0.9076,116,0.000981,1.2207,0.5,53.784,0.578,1.0,65,70,75,55,60,85,65,80,71.4286,66.6667,76.9231,56.25,64.7059,86.6667,60.0,76.1905
actor_370,12,0.9009,51,0.003886,1.1736,0.745,22.384,0.324,1.0,75,70,75,60,65,70,80,85,85.7143,66.6667,76.9231,62.5,70.5882,66.6667,80.0,84.127
actor_371,12,0.9009,100,0.000386,1.0764,0.51,33.712,0.599,1.0,65,70,75,55,60,85,50,80,71.4286,66.6667,76.9231,56.25,64.7059,86.6667,40.0,76.1905
actor_372,13,0.9076,117,0.001982,1.2794,0.513,65.22,0.564,1.0,65,70,75,55,65,80,60,85,71.4286,66.6667,76.9231,56.25,70.5882,80.0,53.3333,84.127
actor_373,22,0.9518,21,0.004286,1.0992,0.905,14.929,0.229,1.0,75,70,65,80,70,60,75,70,85.7143,66.6667,61.5385,87.5,76.4706,53.3333,73.3333,60.3175
actor_374,13,0.9076,114,0.001226,1.2416,0.518,53.76,0.626,1.0,65,70,75,55,60,85,70,80,71.4286,66.6667,76.9231,56.25,64.7059,86.6667,66.6667,76.1905
actor_375,12,0.9009,100,0.000386,1.0764,0.51,33.712,0.676,1.0,65,70,75,55,60,85,50,80,71.4286,66.6667,76.9231,56.25,64.7059,86.6667,40.0,76.1905
actor_376,16,0.8895,46,0.003002,1.1205,0.413,14.871,0.422,1.0,75,70,65,60,70,50,65,80,85.7143,66.6667,61.5385,62.5,76.4706,40.0,60.0,76.1905
actor_377,13,0.9076,116,0.000981,1.2207,0.5,53.784,0.439,1.0,65,70,75,55,60,85,65,80,71.4286,66.6667,76.9231,56.25,64.7059,86.6667,60.0,76.1905
actor_378,12,0.9009,94,0.000368,1.0751,0.553,26.275,0.544,1.0,65,60,70,55,65,85,50,80,71.4286,50.0,69.2308,56.25,70.5882,86.6667,40.0,76.1905
actor_379,12,0.9009,59,0.000302,1.0023,0.593,22.046,0.315,1.0,65,60,75,55,50,85,70,90,71.4286,50.0,76.9231,56.25,52.9412,86.6667,66.6667,92.0635
actor_380,13,0.9076,109,0.00283,1.3558,0.495,37.912,0.644,1.0,65,70,75,60,65,85,70,80,71.4286,66.6667,76.9231,62.5,70.5882,86.6667,66.6667,76.1905
actor_381,16,0.8895,49,0.010072,1.2827,0.49,26.024,0.443,1.0,75,70,75,65,80,60,70,80,85.7143,66.6667,76.9231,68.75,88.2353,53.3333,66.6667,76.1905
actor_382,13,0.9076,61,0.000403,0.9703,0.443,6.262,0.511,1.0,75,70,65,60,70,85,55,90,85.7143,66.6667,61.5385,62.5,76.4706,86.6667,46.6667,92.0635
actor_383,12,0.9009,75,0.000293,0.9299,0.56,11.166,0.577,1.0,65,70,75,60,55,85,50,90,71.4286,66.6667,76.9231,62.5,58.8235,86.6667,40.0,92.0635
actor_384,13,0.9076,92,0.000912,1.1271,0.543,30.581,0.564,1.0,65,70,75,40,55,85,60,80,71.4286,66.6667,76.9231,37.5,58.8235,86.6667,53.3333,76.1905
actor_385,16,0.8895,36,0.007064,1.0365,0.333,10.505,0.775,1.0,75,70,60,65,80,50,70,85,85.7143,66.6667,53.8462,68.75,88.2353,40.0,66.6667,84.127
actor_386,16,0.8895,44,0.004425,1.1266,0.455,29.026,0.468,1.0,65,70,75,55,70,50,60,80,71.4286,66.6667,76.9231,56.25,76.4706,40.0,53.3333,76.1905
actor_387,6,0.8312,55,0.007301,1.33,0.927,21.659,0.176,1.0,65,70,60,55,65,75,50,70,71.4286,66.6667,53.8462,56.25,70.5882,73.3333,40.0,60.3175
actor_388,6,0.8312,40,0.031781,1.733,0.75,25.782,0.258,1.0,65,70,60,55,70,75,65,60,71.4286,66.6667,53.8462,56.25,76.4706,73.3333,60.0,44.4444
actor_389,12,0.9009,61,0.005996,1.3486,0.689,26.648,0.503,1.0,75,70,65,60,70,80,75,85,85.7143,66.6667,61.5385,62.5,76.4706,80.0,73.3333,84.127
actor_390,13,0.9076,72,0.000637,1.0655,0.361,11.267,0.557,1.0,75,70,75,60,65,85,70,90,85.7143,66.6667,76.9231,62.5,70.5882,86.6667,66.6667,92.0635
actor_391,18,0.8567,56,0.017596,1.5928,0.893,43.248,0.234,1.0,65,70,75,60,70,50,65,60,71.4286,66.6667,76.9231,62.5,76.4706,40.0,60.0,44.4444
actor_392,13,0.9076,108,0.002727,1.3482,0.519,36.905,0.57,1.0,65,70,75,60,70,85,65,80,71.4286,66.6667,76.9231,62.5,76.4706,86.6667,60.0,76.1905
actor_393,22,0.9518,26,0.002542,0.9826,0.923,14.778,0.377,1.0,75,70,65,80,85,60,70,65,85.7143,66.6667,61.5385,87.5,94.1176,53.3333,66.6667,52.381
actor_394,13,0.9076,108,0.002727,1.3482,0.519,36.905,0.567,1.0,65,70,75,60,70,85,65,80,71.4286,66.6667,76.9231,62.5,76.4706,86.6667,60.0,76.1905
actor_395,16,0.8895,46,0.003002,1.1205,0.413,14.871,0.646,1.0,75,70,65,60,70,50,65,80,85.7143,66.6667,61.5385,62.5,76.4706,40.0,60.0,76.1905
actor_396,15,0.8977,41,0.003325,1.1562,0.488,20.002,0.393,1.0,75,70,65,60,80,40,70,55,85.7143,66.6667,61.5385,62.5,88.2353,26.6667,66.6667,36.5079
actor_397,13,0.9076,80,0.00824,1.3237,0.463,46.535,0.475,1.0,65,70,75,60,70,85,80,80,71.4286,66.6667,76.9231,62.5,76.4706,86.6667,80.0,76.1905
actor_398,13,0.9076,86,0.002914,1.3315,0.419,31.626,0.534,1.0,65,70,75,60,70,85,75,80,71.4286,66.6667,76.9231,62.5,76.4706,86.6667,73.3333,76.1905
actor_399,13,0.9076,53,0.008203,1.4097,0.66,26.76,0.194,1.0,65,70,75,55,65,80,70,60,71.4286,66.6667,76.9231,56.25,70.5882,80.0,66.6667,44.4444
actor_400,13,0.9076,102,0.000602,1.0911,0.529,51.537,0.59,1.0,65,70,75,55,50,85,60,80,71.4286,66.6667,76.9231,56.25,52.9412,86.6667,53.3333,76.1905
actor_401,13,0.9076,101,0.000602,1.0911,0.525,48.977,0.515,1.0,65,70,75,55,50,85,60,80,71.4286,66.6667,76.9231,56.25,52.9412,86.6667,53.3333,76.1905
actor_402,12,0.9009,87,0.001661,1.1863,0.598,55.371,0.515,1.0,60,70,75,40,55,85,65,80,64.2857,66.6667,76.9231,37.5,58.8235,86.6667,60.0,76.1905
actor_403,13,0.9076,89,0.000473,1.0826,0.483,23.988,0.375,1.0,65,60,75,55,50,85,70,80,71.4286,50.0,76.9231,56.25,52.9412,86.6667,66.6667,76.1905
actor_404,13,0.9076,114,0.001226,1.2416,0.518,53.76,0.552,1.0,65,70,75,55,60,85,70,80,71.4286,66.6667,76.9231,56.25,64.7059,86.6667,66.6667,76.1905
actor_405,12,0.9009,14,4.3e-05,0.6802,0.357,1.485,0.321,1.0,65,70,85,40,55,95,75,90,71.4286,66.6667,92.3077,37.5,58.8235,100.0,73.3333,92.0635
actor_406,13,0.9076,91,0.002608,1.2587,0.473,30.096,0.603,1.0,75,70,75,60,65,80,70,85,85.7143,66.6667,76.9231,62.5,70.5882,80.0,66.6667,84.127
actor_407,12,0.9009,100,0.000386,1.0764,0.51,33.712,0.667,1.0,65,70,75,55,60,85,50,80,71.4286,66.6667,76.9231,56.25,64.7059,86.6667,40.0,76.1905
actor_408,15,0.8977,73,0.004378,1.3091,0.671,44.751,0.252,1.0,75,70,65,60,80,50,70,65,85.7143,66.6667,61.5385,62.5,88.2353,40.0,66.6667,52.381
actor_409,12,0.9009,97,0.004701,1.2945,0.577,39.841,0.591,1.0,65,70,75,60,65,80,55,70,71.4286,66.6667,76.9231,62.5,70.5882,80.0,46.6667,60.3175
actor_410,13,0.9076,115,0.001149,1.2507,0.496,58.699,0.59,1.0,65,70,75,55,65,85,60,80,71.4286,66.6667,76.9231,56.25,70.5882,86.6667,53.3333,76.1905
actor_411,13,0.9076,115,0.001149,1.2507,0.496,58.699,0.56,1.0,65,70,75,55,65,85,60,80,71.4286,66.6667,76.9231,56.25,70.5882,86.6667,53.3333,76.1905
actor_412,16,0.8895,52,0.002944,1.1006,0.519,23.515,0.588,1.0,75,70,65,60,80,50,70,80,85.7143,66.6667,61.5385,62.5,88.2353,40.0,66.6667,76.1905
actor_413,13,0.9076,108,0.002727,1.3482,0.519,36.905,0.643,1.0,65,70,75,60,70,85,65,80,71.4286,66.6667,76.9231,62.5,76.4706,86.6667,60.0,76.1905
actor_414,13,0.9076,108,0.000456,1.1198,0.481,42.941,0.59,1.0,65,70,75,60,65,85,55,80,71.4286,66.6667,76.9231,62.5,70.5882,86.6667,46.6667,76.1905
actor_415,13,0.9076,108,0.000456,1.1198,0.481,42.941,0.605,1.0,65,70,75,60,65,85,55,80,71.4286,66.6667,76.9231,62.5,70.5882,86.6667,46.6667,76.1905
actor_416,13,0.9076,79,0.00824,1.3237,0.456,37.756,0.461,1.0,65,70,75,60,70,85,80,80,71.4286,66.6667,76.9231,62.5,76.4706,86.6667,80.0,76.1905
actor_417,17,0.8164,5,0.001542,0.6148,0.6,5.503,0.34,1.0,75,70,65,80,70,85,75,60,85.7143,66.6667,61.5385,87.5,76.4706,86.6667,73.3333,44.4444
actor_418,12,0.9009,75,0.000293,0.9299,0.56,11.166,0.592,1.0,65,70,75,60,55,85,50,90,71.4286,66.6667,76.9231,62.5,58.8235,86.6667,40.0,92.0635
actor_419,1,0.6916,10,0.019817,0.6366,0.7,14.805,0.4,1.0,40,50,60,30,35,85,50,80,35.7143,33.3333,53.8462,25.0,35.2941,86.6667,40.0,76.1905
actor_420,15,0.8977,44,0.004001,1.3161,0.5,16.573,0.484,1.0,75,70,65,60,80,50,70,55,85.7143,66.6667,61.5385,62.5,88.2353,40.0,66.6667,36.5079
actor_421,16,0.8895,46,0.003002,1.1205,0.413,14.871,0.678,1.0,75,70,65,60,70,50,65,80,85.7143,66.6667,61.5385,62.5,76.4706,40.0,60.0,76.1905
actor_422,5,0.7545,12,0.009537,1.1621,0.833,25.068,0.317,1.0,65,70,60,75,70,65,55,80,71.4286,66.6667,53.8462,81.25,76.4706,60.0,46.6667,76.1905
actor_423,7,0.8559,16,0.000571,0.6093,0.938,8.393,0.356,1.0,75,70,65,80,70,60,55,85,85.7143,66.6667,61.5385,87.5,76.4706,53.3333,46.6667,84.127
actor_424,15,0.8977,36,0.001453,1.0283,0.472,10.356,0.528,1.0,75,70,65,60,80,40,70,50,85.7143,66.6667,61.5385,62.5,88.2353,26.6667,66.6667,28.5714
actor_425,15,0.8977,50,0.003704,1.3233,0.54,19.434,0.432,1.0,75,70,65,60,80,50,70,60,85.7143,66.6667,61.5385,62.5,88.2353,40.0,66.6667,44.4444
actor_426,13,0.9076,95,0.000769,1.1862,0.516,17.723,0.496,1.0,75,70,65,55,70,85,60,80,85.7143,66.6667,61.5385,56.25,76.4706,86.6667,53.3333,76.1905
actor_427,12,0.9009,89,0.001251,1.1098,0.562,25.598,0.536,1.0,65,60,70,55,65,85,50,75,71.4286,50.0,69.2308,56.25,70.5882,86.6667,40.0,68.254
actor_428,15,0.8977,23,0.003579,0.8986,0.217,3.329,0.626,1.0,75,70,65,55,80,30,70,60,85.7143,66.6667,61.5385,56.25,88.2353,13.3333,66.6667,44.4444
actor_429,12,0.9009,82,0.000157,0.9872,0.561,14.885,0.668,1.0,65,70,75,55,60,85,50,90,71.4286,66.6667,76.9231,56.25,64.7059,86.6667,40.0,92.0635
actor_430,7,0.8559,10,0.001902,0.7954,0.9,17.238,0.45,1.0,75,70,75,80,70,65,60,85,85.7143,66.6667,76.9231,87.5,76.4706,60.0,53.3333,84.127
actor_431,15,0.8977,75,0.004989,1.3051,0.707,71.61,0.253,1.0,75,70,65,60,80,50,70,70,85.7143,66.6667,61.5385,62.5,88.2353,40.0,66.6667,60.3175
actor_432,16,0.8895,45,0.010509,1.3494,0.489,20.322,0.462,1.0,75,70,65,55,80,60,70,80,85.7143,66.6667,61.5385,56.25,88.2353,53.3333,66.6667,76.1905
actor_433,13,0.9076,84,0.003286,1.2948,0.512,18.978,0.582,1.0,75,70,65,55,70,80,60,85,85.7143,66.6667,61.5385,56.25,76.4706,80.0,53.3333,84.127
actor_434,16,0.8895,40,0.004344,1.0375,0.375,19.34,0.715,1.0,75,70,65,60,80,50,70,85,85.7143,66.6667,61.5385,62.5,88.2353,40.0,66.6667,84.127
actor_435,16,0.8895,49,0.010072,1.2827,0.49,21.684,0.557,1.0,75,70,75,65,80,60,70,80,85.7143,66.6667,76.9231,68.75,88.2353,53.3333,66.6667,76.1905
actor_436,16,0.8895,46,0.003002,1.1205,0.413,14.871,0.678,1.0,75,70,65,60,70,50,65,80,85.7143,66.6667,61.5385,62.5,76.4706,40.0,60.0,76.1905
actor_437,12,0.9009,93,0.000493,1.0614,0.548,21.367,0.602,1.0,65,70,75,55,60,85,50,70,71.4286,66.6667,76.9231,56.25,64.7059,86.6667,40.0,60.3175
actor_438,16,0.8895,32,0.000478,0.6674,0.219,8.742,0.356,1.0,75,70,65,80,70,50,60,85,85.7143,66.6667,61.5385,87.5,76.4706,40.0,53.3333,84.127
actor_439,16,0.8895,52,0.002944,1.1006,0.519,20.873,0.479,1.0,75,70,65,60,80,50,70,80,85.7143,66.6667,61.5385,62.5,88.2353,40.0,66.6667,76.1905
actor_440,16,0.8895,46,0.003002,1.1205,0.413,14.871,0.678,1.0,75,70,65,60,70,50,65,80,85.7143,66.6667,61.5385,62.5,76.4706,40.0,60.0,76.1905
actor_441,7,0.8559,41,0.001843,1.0005,0.829,52.022,0.576,1.0,75,70,65,60,70,50,80,80,85.7143,66.6667,61.5385,62.5,76.4706,40.0,80.0,76.1905
actor_442,12,0.9009,93,0.000368,1.0751,0.548,22.483,0.525,1.0,65,60,70,55,65,85,50,80,71.4286,50.0,69.2308,56.25,70.5882,86.6667,40.0,76.1905
actor_443,13,0.9076,108,0.000456,1.1198,0.481,42.941,0.593,1.0,65,70,75,60,65,85,55,80,71.4286,66.6667,76.9231,62.5,70.5882,86.6667,46.6667,76.1905
actor_444,16,0.8895,52,0.002944,1.1006,0.519,20.873,0.588,1.0,75,70,65,60,80,50,70,80,85.7143,66.6667,61.5385,62.5,88.2353,40.0,66.6667,76.1905
actor_445,13,0.9076,86,0.018805,1.2335,0.5,31.767,0.456,1.0,60,70,75,65,50,85,70,80,64.2857,66.6667,76.9231,68.75,52.9412,86.6667,66.6667,76.1905
actor_446,21,0.932,6,0.000242,0.3898,0.5,3.999,0.55,1.0,85,75,70,80,90,30,75,90,100.0,75.0,69.2308,87.5,100.0,13.3333,73.3333,92.0635
actor_447,16,0.8895,32,0.000478,0.6674,0.219,8.742,0.344,1.0,75,70,65,80,70,50,60,85,85.7143,66.6667,61.5385,87.5,76.4706,40.0,53.3333,84.127
actor_448,20,0.8572,7,0.001812,0.5494,0.571,5.596,0.5,1.0,75,70,65,80,85,30,75,90,85.7143,66.6667,61.5385,87.5,94.1176,13.3333,73.3333,92.0635
actor_449,13,0.9076,115,0.001149,1.2507,0.496,58.699,0.56,1.0,65,70,75,55,65,85,60,80,71.4286,66.6667,76.9231,56.25,70.5882,86.6667,53.3333,76.1905
actor_450,12,0.9009,93,0.000368,1.0751,0.548,22.483,0.543,1.0,65,60,70,55,65,85,50,80,71.4286,50.0,69.2308,56.25,70.5882,86.6667,40.0,76.1905
actor_451,14,0.8212,6,0.00305,0.3522,0.667,6.885,0.367,0.55,50,75,68,40,85,70,80,95,50.0,75.0,66.1538,37.5,94.1176,66.6667,80.0,100.0
actor_452,18,0.8567,29,0.034367,1.592,0.931,23.333,0.079,1.0,65,70,75,60,70,65,55,60,71.4286,66.6667,76.9231,62.5,76.4706,60.0,46.6667,44.4444
actor_453,15,0.8977,40,0.003156,1.2433,0.475,13.147,0.505,1.0,75,70,65,55,80,50,70,60,85.7143,66.6667,61.5385,56.25,88.2353,40.0,66.6667,44.4444
actor_454,13,0.9076,108,0.002727,1.3482,0.519,36.905,0.643,1.0,65,70,75,60,70,85,65,80,71.4286,66.6667,76.9231,62.5,76.4706,86.6667,60.0,76.1905
actor_455,13,0.9076,106,0.000641,1.1465,0.5,24.84,0.486,1.0,75,70,75,55,65,85,60,80,85.7143,66.6667,76.9231,56.25,70.5882,86.6667,53.3333,76.1905
actor_456,12,0.9009,75,0.000293,0.9299,0.56,11.166,0.548,1.0,65,70,75,60,55,85,50,90,71.4286,66.6667,76.9231,62.5,58.8235,86.6667,40.0,92.0635
